alpha_3,languages,population,internet_usage_pct,internet_usage_record_year,uk_visits_period,uk_visits_number,uk_spending_millions,pop_score,net_score,uk_visits_missing,uk_score_raw,uk_missing_strategy,uk_floor,uk_impute_value,uk_score_raw_imputed,uk_score,language_factor,use_language_factor,total_score_base,total_score_with_language,total_score_no_language,total_score,model_rank,is_single_listen_candidate,country_name,predicted_single_listen_country,prediction_date,seen_in_listens,known_correct,known_incorrect,run_label,run_id,model_variant,uk_missing_strategy_cli,uk_floor_cli
GBR,['English'],69281437,96.2988,2023,,,,7.840616887015905,0.962988,True,,p10,0.05,4.815572229111593,4.815572229111593,1.0,1.5,False,7.550419974793672,11.325629962190508,7.550419974793672,7.550419974793672,1,False,United Kingdom,,25-05-2025,False,False,False,out,out_20251219T115521Z,no-language,p10,0.05
ESP,"['Spanish', 'Catalan', 'Basque', 'Galician']",49315949,95.7575,2024,2025 Q2 P,5800000.0,4528.0,7.692987394784945,0.957575,False,6.76342806844129,p10,0.05,4.815572229111593,6.76342806844129,1.0,1.1,False,7.366612404561193,8.103273645017314,7.366612404561193,7.366612404561193,2,False,Spain,,25-05-2025,False,False,False,out,out_20251219T115521Z,no-language,p10,0.05
FRA,['French'],66351959,88.6538,2024,2025 Q2 P,2404000.0,1695.0,7.821853749662105,0.886538,False,6.380934643985607,p10,0.05,4.815572229111593,6.380934643985607,0.8782767611624652,1.1,False,6.090296533279306,6.699326186607237,6.090296533279306,6.090296533279306,3,False,France,,25-05-2025,False,False,False,out,out_20251219T115521Z,no-language,p10,0.05
USA,['English'],340110988,93.1444,2023,2025 Q1 P,864000.0,1306.0,8.531620662955014,0.931444,False,5.936514245134253,p10,0.05,4.815572229111593,5.936514245134253,0.7368461197582664,1.5,False,5.855514863938101,8.783272295907151,5.855514863938101,5.855514863938101,4,False,United States,,25-05-2025,False,False,False,out,out_20251219T115521Z,no-language,p10,0.05
ITA,"['Italian', 'Catalan']",58927633,89.2207,2024,2025 Q2 P,1665000.0,1356.0,7.7703189967427955,0.892207,False,6.221414498679787,p10,0.05,4.815572229111593,6.221414498679787,0.8275116825886548,1.1,False,5.736917550700415,6.310609305770457,5.736917550700415,5.736917550700415,5,False,Italy,,25-05-2025,False,False,False,out,out_20251219T115521Z,no-language,p10,0.05
DEU,['German'],83491249,93.5,2024,2025 Q2 P,956000.0,641.0,7.92164095799646,0.935,False,5.980458346558794,p10,0.05,4.815572229111593,5.980458346558794,0.7508307218747924,1.1,False,5.561203657995253,6.117324023794779,5.561203657995253,5.561203657995253,6,False,Germany,,25-05-2025,False,False,False,out,out_20251219T115521Z,no-language,p10,0.05
GRC,['Greek'],10400720,86.2697,2024,2025 Q2 P,1580000.0,1670.0,7.017063404799118,0.862697,False,6.198657361824261,p10,0.05,4.815572229111593,6.198657361824261,0.8202695387304548,0.5,False,4.965583309003473,2.4827916545017366,4.965583309003473,4.965583309003473,7,False,Greece,,25-05-2025,False,False,False,out,out_20251219T115521Z,no-language,p10,0.05
NLD,['Dutch'],18100436,97.0068,2023,2025 Q2 P,679000.0,437.0,7.257689036201425,0.9700679999999999,False,5.831870413888987,p10,0.05,4.815572229111593,5.831870413888987,0.7035446686766728,1.1,False,4.9532723908557985,5.448599629941379,4.9532723908557985,4.9532723908557985,8,False,Netherlands,,25-05-2025,False,False,False,out,out_20251219T115521Z,no-language,p10,0.05
POL,['Polish'],37392000,88.585,2024,2025 Q1 P,817000.0,265.0,7.572778695048152,0.8858499999999999,False,5.912222588104283,p10,0.05,4.815572229111593,5.912222588104283,0.7291156360914521,1.1,False,4.891159966021486,5.380275962623635,4.891159966021486,4.891159966021486,9,False,Poland,,25-05-2025,False,False,False,out,out_20251219T115521Z,no-language,p10,0.05
PRT,['Portuguese'],10749635,88.487,2024,2025 Q2 P,1094000.0,774.0,7.0313937181886415,0.8848699999999999,False,6.0390177189757335,p10,0.05,4.815572229111593,6.0390177189757335,0.769466431717457,1.1,False,4.787519614600149,5.266271576060165,4.787519614600149,4.787519614600149,10,False,Portugal,,25-05-2025,False,False,False,out,out_20251219T115521Z,no-language,p10,0.05
CHE,"['French', 'Swiss German', 'Italian', 'Romansh']",9082848,97.3444,2023,2025 Q1 P,540000.0,560.0,6.958222046400911,0.973444,False,5.732394564071265,p10,0.05,4.815572229111593,5.732394564071265,0.6718878561624164,1.1,False,4.55099174566769,5.00609092023446,4.55099174566769,4.55099174566769,11,False,Switzerland,,25-05-2025,False,False,False,out,out_20251219T115521Z,no-language,p10,0.05
ROU,['Romanian'],19036031,91.2905,2024,2025 Q2 P,548000.0,249.0,7.279576403371833,0.912905,False,5.738781350991824,p10,0.05,4.815572229111593,5.738781350991824,0.6739203627103187,1.1,False,4.478579348932669,4.926437283825937,4.478579348932669,4.478579348932669,12,False,Romania,,25-05-2025,False,False,False,out,out_20251219T115521Z,no-language,p10,0.05
ARE,['Arabic'],11294243,100.0,2024,2025 Q1 P,371000.0,540.0,7.052857127514885,1.0,False,5.569375080218541,p10,0.05,4.815572229111593,5.569375080218541,0.6200091615249462,0.5,False,4.372836033985744,2.186418016992872,4.372836033985744,4.372836033985744,13,False,United Arab Emirates,,25-05-2025,False,False,False,out,out_20251219T115521Z,no-language,p10,0.05
AUS,['English'],27536874,97.0631,2023,2025 Q1 P,287000.0,519.0,7.439914637387663,0.970631,False,5.457883409952547,p10,0.05,4.815572229111593,5.457883409952547,0.5845284804452755,1.5,False,4.2211208570062375,6.331681285509356,4.2211208570062375,4.2211208570062375,14,False,Australia,,25-05-2025,False,False,False,out,out_20251219T115521Z,no-language,p10,0.05
BEL,"['German', 'French', 'Dutch']",11825551,95.7758,2024,2025 Q2 P,322000.0,172.0,7.072821385408543,0.957758,False,5.507857220434364,p10,0.05,4.815572229111593,5.507857220434364,0.6004319540214719,1.1,False,4.067356837353003,4.474092521088304,4.067356837353003,4.067356837353003,15,False,Belgium,,25-05-2025,False,False,False,out,out_20251219T115521Z,no-language,p10,0.05
THA,['Thai'],65859640,90.8672,2024,2025 Q1 P,255000.0,461.0,7.818619352454832,0.9086719999999999,False,5.406541883546231,p10,0.05,4.815572229111593,5.406541883546231,0.5681897502045318,0.5,False,4.036738446849811,2.0183692234249055,4.036738446849811,4.036738446849811,16,False,Thailand,,25-05-2025,False,False,False,out,out_20251219T115521Z,no-language,p10,0.05
MAR,"['Arabic', 'Berber']",36828330,91.0,2023,2025 Q1 P,284000.0,213.0,7.566182025989628,0.91,False,5.453319869250268,p10,0.05,4.815572229111593,5.453319869250268,0.583076196773631,0.5,False,4.014611182228045,2.0073055911140223,4.014611182228045,4.014611182228045,17,False,Morocco,,25-05-2025,False,False,False,out,out_20251219T115521Z,no-language,p10,0.05
AUT,['German'],9200931,94.9197,2024,2025 Q1 P,326000.0,420.0,6.963831773835327,0.9491970000000001,False,5.513218932257558,p10,0.05,4.815572229111593,5.513218932257558,0.6021382446061049,1.1,False,3.980162836907607,4.378179120598368,3.980162836907607,3.980162836907607,18,False,Austria,,25-05-2025,False,False,False,out,out_20251219T115521Z,no-language,p10,0.05
HUN,['Hungarian'],9539502,93.779,2024,2025 Q2 P,269000.0,141.0,6.979525703394117,0.93779,False,5.429753894477035,p10,0.05,4.815572229111593,5.429753894477035,0.5755766514419861,1.1,False,3.767338784039129,4.144072662443042,3.767338784039129,3.767338784039129,19,False,Hungary,,25-05-2025,False,False,False,out,out_20251219T115521Z,no-language,p10,0.05
DNK,['Danish'],6011488,99.7692,2024,2025 Q2 P,216000.0,178.0,6.778981984515728,0.997692,False,5.334455761768878,p10,0.05,4.815572229111593,5.334455761768878,0.5452493395805763,1.1,False,3.6877045386670275,4.0564749925337305,3.6877045386670275,3.6877045386670275,20,False,Denmark,,25-05-2025,False,False,False,out,out_20251219T115521Z,no-language,p10,0.05
MEX,['Spanish'],130575786,81.1832,2023,2025 Q2 P,207000.0,336.0,8.115862648749394,0.811832,False,5.315972443492825,p10,0.05,4.815572229111593,5.315972443492825,0.53936727933803,1.1,False,3.553738365778659,3.9091122023565252,3.553738365778659,3.553738365778659,21,False,Mexico,,25-05-2025,False,False,False,out,out_20251219T115521Z,no-language,p10,0.05
CYP,"['Greek', 'Turkish']",1442614,91.2211,2023,2025 Q2 P,400000.0,364.0,6.159150142531189,0.9122110000000001,False,5.60206107706281,p10,0.05,4.815572229111593,5.60206107706281,0.6304110276646839,0.5,False,3.5419293778475436,1.7709646889237718,3.5419293778475436,3.5419293778475436,22,False,Cyprus,,25-05-2025,False,False,False,out,out_20251219T115521Z,no-language,p10,0.05
IND,"['English', 'Hindi', 'Tamil']",1417492000,55.9,2022,2025 Q1 P,619000.0,602.0,9.151520616513332,0.5589999999999999,False,5.791691350626146,p10,0.05,4.815572229111593,5.791691350626146,0.6907582378490811,1.5,False,3.5337119343785774,5.300567901567867,3.5337119343785774,3.5337119343785774,23,False,India,,25-05-2025,False,False,False,out,out_20251219T115521Z,no-language,p10,0.05
CZE,"['Czech', 'Slovak']",10882341,87.6878,2024,2025 Q1 P,246000.0,108.0,7.036722330474317,0.8768779999999999,False,5.390936872524514,p10,0.05,4.815572229111593,5.390936872524514,0.5632236714115123,1.1,False,3.4752854933078723,3.82281404263866,3.4752854933078723,3.4752854933078723,24,False,Czechia,,25-05-2025,False,False,False,out,out_20251219T115521Z,no-language,p10,0.05
EGY,['Arabic'],107271260,72.6899,2023,2025 Q2 P,303000.0,392.0,8.030483381842073,0.726899,False,5.481444061815061,p10,0.05,4.815572229111593,5.481444061815061,0.5920263318342504,0.5,False,3.45586510928996,1.72793255464498,3.45586510928996,3.45586510928996,25,False,Egypt,,25-05-2025,False,False,False,out,out_20251219T115521Z,no-language,p10,0.05
NOR,"['Norwegian Nynorsk', 'Norwegian Bokmål', 'Sami']",5606944,99.0,2023,2025 Q1 P,174000.0,168.0,6.7487262185539185,0.99,False,5.240551744220726,p10,0.05,4.815572229111593,5.240551744220726,0.5153656855750625,0.5,False,3.4432812952396046,1.7216406476198023,3.4432812952396046,3.4432812952396046,26,False,Norway,,25-05-2025,False,False,False,out,out_20251219T115521Z,no-language,p10,0.05
JPN,['Japanese'],123210000,86.9815,2023,2025 Q2 P,142000.0,308.0,8.090645957573315,0.869815,False,5.152291402784132,p10,0.05,4.815572229111593,5.152291402784132,0.487278053386725,0.5,False,3.4291536222479486,1.7145768111239743,3.4291536222479486,3.4291536222479486,27,False,Japan,,25-05-2025,False,False,False,out,out_20251219T115521Z,no-language,p10,0.05
CAN,"['English', 'French']",41651653,93.9564,2023,2025 Q2 P,121000.0,142.0,7.619632241625957,0.9395640000000001,False,5.082788959512213,p10,0.05,4.815572229111593,5.082788959512213,0.4651598626904552,1.5,False,3.3301409267004574,4.995211390050686,3.3301409267004574,3.3301409267004574,28,False,Canada,,25-05-2025,False,False,False,out,out_20251219T115521Z,no-language,p10,0.05
SWE,['Swedish'],10605098,95.5293,2024,2025 Q2 P,150000.0,90.0,7.025514686116378,0.9552930000000001,False,5.176094154342576,p10,0.05,4.815572229111593,5.176094154342576,0.49485294965340487,1.1,False,3.3211684581443155,3.6532853039587474,3.3211684581443155,3.3211684581443155,29,False,Sweden,,25-05-2025,False,False,False,out,out_20251219T115521Z,no-language,p10,0.05
CHN,['Chinese'],1408280000,92.0,2024,,,,9.14868901159969,0.92,True,,p10,0.05,4.815572229111593,4.815572229111593,0.3801218363708463,0.5,False,3.199407150077052,1.599703575038526,3.199407150077052,3.199407150077052,30,False,China,,25-05-2025,False,False,False,out,out_20251219T115521Z,no-language,p10,0.05
ZAF,"['Afrikaans', 'English', 'Southern Ndebele', 'Northern Sotho', 'Southern Sotho', 'Swazi', 'Tswana', 'Tsonga', 'Venda', 'Xhosa', 'Zulu']",63100945,75.6592,2023,2025 Q1 P,166000.0,223.0,7.800035863288702,0.7565919999999999,False,5.220110704263994,p10,0.05,4.815572229111593,5.220110704263994,0.5088606075014153,1.5,False,3.0030127524168435,4.504519128625265,3.0030127524168435,3.0030127524168435,31,False,South Africa,,25-05-2025,False,False,False,out,out_20251219T115521Z,no-language,p10,0.05
LTU,['Lithuanian'],2894886,88.5029,2023,2025 Q1 P,161000.0,63.0,6.461631465975109,0.885029,False,5.206828573504726,p10,0.05,4.815572229111593,5.206828573504726,0.504633753204554,1.1,False,2.885864806535018,3.17445128718852,2.885864806535018,2.885864806535018,32,False,Lithuania,,25-05-2025,False,False,False,out,out_20251219T115521Z,no-language,p10,0.05
SAU,['Arabic'],35300280,100.0,2024,,,,7.547778150202912,1.0,True,,p10,0.05,4.815572229111593,4.815572229111593,0.3801218363708463,0.5,False,2.8690752909748802,1.4345376454874401,2.8690752909748802,2.8690752909748802,33,False,Saudi Arabia,,25-05-2025,False,False,False,out,out_20251219T115521Z,no-language,p10,0.05
KOR,['Korean'],51159889,97.8956,2024,,,,7.708929593532578,0.978956,True,,p10,0.05,4.815572229111593,4.815572229111593,0.3801218363708463,0.5,False,2.8686665569738388,1.4343332784869194,2.8686665569738388,2.8686665569738388,34,False,"Korea, Republic of",,25-05-2025,False,False,False,out,out_20251219T115521Z,no-language,p10,0.05
MYS,"['English', 'Malay']",34231700,98.0206,2024,,,,7.534428467419687,0.980206,True,,p10,0.05,4.815572229111593,4.815572229111593,0.3801218363708463,1.5,False,2.807310753501264,4.2109661302518955,2.807310753501264,2.807310753501264,35,False,Malaysia,,25-05-2025,False,False,False,out,out_20251219T115521Z,no-language,p10,0.05
BGR,['Bulgarian'],6437360,82.439,2024,2025 Q1 P,151000.0,76.0,6.808707797095676,0.82439,False,5.178979823406043,p10,0.05,4.815572229111593,5.178979823406043,0.4957712738968041,0.5,False,2.7827793413194355,1.3913896706597177,2.7827793413194355,2.7827793413194355,36,False,Bulgaria,,25-05-2025,False,False,False,out,out_20251219T115521Z,no-language,p10,0.05
BRA,['Portuguese'],213421037,84.4635,2024,2025 Q1 P,65000.0,115.0,8.329237225785352,0.8446349999999999,False,4.812920038045028,p10,0.05,4.815572229111593,4.812920038045028,0.3792778132687557,1.1,False,2.6682821049760994,2.9351103154737097,2.6682821049760994,2.6682821049760994,37,False,Brazil,,25-05-2025,False,False,False,out,out_20251219T115521Z,no-language,p10,0.05
MLT,"['English', 'Maltese']",574250,92.0727,2023,2025 Q2 P,158000.0,153.0,5.759101003867063,0.920727,False,5.1986598356449765,p10,0.05,4.815572229111593,5.1986598356449765,0.5020341654314607,1.5,False,2.662066178816801,3.993099268225202,2.662066178816801,2.662066178816801,38,False,Malta,,25-05-2025,False,False,False,out,out_20251219T115521Z,no-language,p10,0.05
FIN,"['Finnish', 'Swedish']",5650325,93.5139,2023,2025 Q2 P,86000.0,70.0,6.752073428641965,0.935139,False,4.9345035011500435,p10,0.05,4.815572229111593,4.9345035011500435,0.41797006775466555,1.1,False,2.639116171082247,2.903027788190472,2.639116171082247,2.639116171082247,39,False,Finland,,25-05-2025,False,False,False,out,out_20251219T115521Z,no-language,p10,0.05
TUR,['Turkish'],85664944,87.3079,2024,,,,7.932803135318054,0.873079,True,,p10,0.05,4.815572229111593,4.815572229111593,0.3801218363708463,0.5,False,2.632710089158021,1.3163550445790104,2.632710089158021,2.632710089158021,40,False,Türkiye,,25-05-2025,False,False,False,out,out_20251219T115521Z,no-language,p10,0.05
SVK,['Slovak'],5413813,89.8251,2024,2025 Q1 P,97000.0,37.0,6.733503250608721,0.898251,False,4.986776211505866,p10,0.05,4.815572229111593,4.986776211505866,0.4346051344002734,1.1,False,2.628655276709891,2.8915208043808804,2.628655276709891,2.628655276709891,41,False,Slovakia,,25-05-2025,False,False,False,out,out_20251219T115521Z,no-language,p10,0.05
CHL,['Spanish'],20206953,94.4574,2023,,,,7.3055008313257455,0.944574,True,,p10,0.05,4.815572229111593,4.815572229111593,0.3801218363708463,1.1,False,2.623063476426784,2.8853698240694627,2.623063476426784,2.623063476426784,42,False,Chile,,25-05-2025,False,False,False,out,out_20251219T115521Z,no-language,p10,0.05
ARG,"['Guaraní', 'Spanish']",46735004,89.6672,2024,,,,7.6696422841965495,0.8966719999999999,True,,p10,0.05,4.815572229111593,4.815572229111593,0.3801218363708463,1.1,False,2.6141562121994517,2.875571833419397,2.6141562121994517,2.6141562121994517,43,False,Argentina,,25-05-2025,False,False,False,out,out_20251219T115521Z,no-language,p10,0.05
KAZ,"['Kazakh', 'Russian']",20426568,93.3917,2024,,,,7.310195404132739,0.933917,True,,p10,0.05,4.815572229111593,4.815572229111593,0.3801218363708463,0.5,False,2.5951357802794424,1.2975678901397212,2.5951357802794424,2.5951357802794424,44,False,Kazakhstan,,25-05-2025,False,False,False,out,out_20251219T115521Z,no-language,p10,0.05
ISR,"['Arabic', 'Hebrew']",10134800,88.1824,2024,2025 Q2 P,87000.0,94.0,7.00581518275242,0.881824,False,4.939524244480526,p10,0.05,4.815572229111593,4.939524244480526,0.41956784983530654,0.5,False,2.5920465276805906,1.2960232638402953,2.5920465276805906,2.5920465276805906,45,False,Israel,,25-05-2025,False,False,False,out,out_20251219T115521Z,no-language,p10,0.05
PHL,"['English', 'Filipino']",114123600,83.7661,2023,,,,8.057375462910338,0.837661,True,,p10,0.05,4.815572229111593,4.815572229111593,0.3801218363708463,1.5,False,2.565575007512632,3.848362511268948,2.565575007512632,2.565575007512632,46,False,Philippines,,25-05-2025,False,False,False,out,out_20251219T115521Z,no-language,p10,0.05
UZB,"['Russian', 'Uzbek']",37859698,89.0136,2023,,,,7.578177145352642,0.8901359999999999,True,,p10,0.05,4.815572229111593,4.815572229111593,0.3801218363708463,0.5,False,2.5641530111865167,1.2820765055932584,2.5641530111865167,2.5641530111865167,47,False,Uzbekistan,,25-05-2025,False,False,False,out,out_20251219T115521Z,no-language,p10,0.05
VNM,['Vietnamese'],101343800,84.15,2024,,,,8.005797184621029,0.8415,True,,p10,0.05,4.815572229111593,4.815572229111593,0.3801218363708463,0.5,False,2.5608345625329316,1.2804172812664658,2.5608345625329316,2.5608345625329316,48,False,Viet Nam,,25-05-2025,False,False,False,out,out_20251219T115521Z,no-language,p10,0.05
KWT,['Arabic'],4881254,99.7473,2023,,,,6.688531407109154,0.9974729999999999,True,,p10,0.05,4.815572229111593,4.815572229111593,0.3801218363708463,0.5,False,2.536032052656966,1.268016026328483,2.536032052656966,2.536032052656966,49,False,Kuwait,,25-05-2025,False,False,False,out,out_20251219T115521Z,no-language,p10,0.05
HKG,"['English', 'Chinese']",7527500,95.9778,2023,,,,6.876650764184797,0.959778,True,,p10,0.05,4.815572229111593,4.815572229111593,0.3801218363708463,1.5,False,2.5088262116445152,3.763239317466773,2.5088262116445152,2.5088262116445152,50,False,Hong Kong,,25-05-2025,False,False,False,out,out_20251219T115521Z,no-language,p10,0.05
BLR,"['Belarusian', 'Russian']",9109280,94.2618,2024,,,,6.959484051574066,0.942618,True,,p10,0.05,4.815572229111593,4.815572229111593,0.3801218363708463,0.5,False,2.493650539369199,1.2468252696845994,2.493650539369199,2.493650539369199,51,False,Belarus,,25-05-2025,False,False,True,out,out_20251219T115521Z,no-language,p10,0.05
JOR,['Arabic'],11734000,92.5344,2023,,,,7.069446083880313,0.925344,True,,p10,0.05,4.815572229111593,4.815572229111593,0.3801218363708463,0.5,False,2.486631429749247,1.2433157148746234,2.486631429749247,2.486631429749247,52,False,Jordan,,25-05-2025,False,False,False,out,out_20251219T115521Z,no-language,p10,0.05
IRL,"['English', 'Irish']",5458600,96.4974,2023,,,,6.7370812708662235,0.964974,True,,p10,0.05,4.815572229111593,4.815572229111593,0.3801218363708463,1.5,False,2.4712132111008422,3.7068198166512634,2.4712132111008422,2.4712132111008422,53,False,Ireland,,25-05-2025,False,False,False,out,out_20251219T115521Z,no-language,p10,0.05
QAT,['Arabic'],3173024,99.6528,2023,,,,6.501473357013159,0.996528,True,,p10,0.05,4.815572229111593,4.815572229111593,0.3801218363708463,0.5,False,2.4627714574691932,1.2313857287345966,2.4627714574691932,2.4627714574691932,54,False,Qatar,,25-05-2025,False,False,False,out,out_20251219T115521Z,no-language,p10,0.05
NZL,"['English', 'Māori', 'New Zealand Sign Language']",5324700,96.1638,2023,2025 Q1 P,65000.0,121.0,6.726295144126775,0.961638,False,4.812920038045028,p10,0.05,4.815572229111593,4.812920038045028,0.3792778132687557,1.5,False,2.4532678914514494,3.679901837177174,2.4532678914514494,2.4532678914514494,55,False,New Zealand,,25-05-2025,False,False,False,out,out_20251219T115521Z,no-language,p10,0.05
OMN,['Arabic'],5343630,95.2517,2024,,,,6.727836379384905,0.952517,True,,p10,0.05,4.815572229111593,4.815572229111593,0.3801218363708463,0.5,False,2.4359646129238213,1.2179823064619106,2.4359646129238213,2.4359646129238213,56,False,Oman,,25-05-2025,False,False,True,out,out_20251219T115521Z,no-language,p10,0.05
SGP,"['English', 'Chinese', 'Malay', 'Tamil']",6110200,94.3776,2024,,,,6.786055425868549,0.9437760000000001,True,,p10,0.05,4.815572229111593,4.815572229111593,0.3801218363708463,1.5,False,2.4344964763461063,3.6517447145191593,2.4344964763461063,2.4344964763461063,57,False,Singapore,,25-05-2025,False,False,False,out,out_20251219T115521Z,no-language,p10,0.05
DOM,['Spanish'],10771504,91.0022,2024,,,,7.032276347058217,0.910022,True,,p10,0.05,4.815572229111593,4.815572229111593,0.3801218363708463,1.1,False,2.432599645688619,2.6758596102574814,2.432599645688619,2.432599645688619,58,False,Dominican Republic,,25-05-2025,False,False,False,out,out_20251219T115521Z,no-language,p10,0.05
IRN,['Persian (Farsi)'],85961000,79.6309,2023,,,,7.934301459075755,0.7963089999999999,True,,p10,0.05,4.815572229111593,4.815572229111593,0.3801218363708463,0.5,False,2.4016689321746854,1.2008344660873427,2.4016689321746854,2.4016689321746854,59,False,"Iran, Islamic Republic of",,25-05-2025,False,False,False,out,out_20251219T115521Z,no-language,p10,0.05
JAM,"['English', 'Jamaican Patois']",2825544,89.473,2023,2025 Q2 P,83000.0,76.0,6.4511020746169,0.89473,False,4.919083324808191,p10,0.05,4.815572229111593,4.919083324808191,0.4130628100405039,1.5,False,2.3841962921707305,3.5762944382560957,2.3841962921707305,2.3841962921707305,60,False,Jamaica,,25-05-2025,False,False,False,out,out_20251219T115521Z,no-language,p10,0.05
IRQ,"['Arabic', 'Aramaic', 'Sorani']",46118793,81.7291,2023,,,,7.663877932614442,0.817291,True,,p10,0.05,4.815572229111593,4.815572229111593,0.3801218363708463,0.5,False,2.3809381511227303,1.1904690755613652,2.3809381511227303,2.3809381511227303,61,False,Iraq,,25-05-2025,False,False,True,out,out_20251219T115521Z,no-language,p10,0.05
AZE,['Azerbaijani'],10241722,89.0,2023,,,,7.010372983224158,0.89,True,,p10,0.05,4.815572229111593,4.815572229111593,0.3801218363708463,0.5,False,2.371668308304684,1.185834154152342,2.371668308304684,2.371668308304684,62,False,Azerbaijan,,25-05-2025,False,False,False,out,out_20251219T115521Z,no-language,p10,0.05
BHR,['Arabic'],1594654,100.0,2024,,,,6.202666466583464,1.0,True,,p10,0.05,4.815572229111593,4.815572229111593,0.3801218363708463,0.5,False,2.3577689676735747,1.1788844838367873,2.3577689676735747,2.3577689676735747,63,False,Bahrain,,25-05-2025,False,False,False,out,out_20251219T115521Z,no-language,p10,0.05
UKR,['Ukrainian'],32862000,82.3755,2023,,,,7.516693991312429,0.823755,True,,p10,0.05,4.815572229111593,4.815572229111593,0.3801218363708463,0.5,False,2.3536818187110415,1.1768409093555208,2.3536818187110415,2.3536818187110415,64,False,Ukraine,,25-05-2025,False,False,False,out,out_20251219T115521Z,no-language,p10,0.05
PER,"['Aymara', 'Quechua', 'Spanish']",34350244,81.9571,2024,,,,7.535929826329404,0.8195709999999999,True,,p10,0.05,4.815572229111593,4.815572229111593,0.3801218363708463,1.1,False,2.3477197159970715,2.5824916875967787,2.3477197159970715,2.3477197159970715,65,False,Peru,,25-05-2025,False,False,False,out,out_20251219T115521Z,no-language,p10,0.05
IDN,['Indonesian'],284438782,72.7808,2024,,,,8.453988810272648,0.727808,True,,p10,0.05,4.815572229111593,4.815572229111593,0.3801218363708463,0.5,False,2.3388443061035074,1.1694221530517537,2.3388443061035074,2.3388443061035074,66,False,Indonesia,,25-05-2025,False,False,False,out,out_20251219T115521Z,no-language,p10,0.05
LBY,['Arabic'],7459000,88.4989,2023,,,,6.8726806071519295,0.884989,True,,p10,0.05,4.815572229111593,4.815572229111593,0.3801218363708463,0.5,False,2.3119947992493866,1.1559973996246933,2.3119947992493866,2.3119947992493866,67,False,Libya,,25-05-2025,False,False,False,out,out_20251219T115521Z,no-language,p10,0.05
KGZ,"['Kyrgyz', 'Russian']",7281800,88.4701,2023,,,,6.86223874654393,0.8847010000000001,True,,p10,0.05,4.815572229111593,4.815572229111593,0.3801218363708463,0.5,False,2.3077308750956447,1.1538654375478223,2.3077308750956447,2.3077308750956447,68,False,Kyrgyzstan,,25-05-2025,False,False,False,out,out_20251219T115521Z,no-language,p10,0.05
URY,['Spanish'],3499451,91.9911,2024,,,,6.543999916815401,0.919911,True,,p10,0.05,4.815572229111593,4.815572229111593,0.3801218363708463,1.1,False,2.2882944953066553,2.517123944837321,2.2882944953066553,2.2882944953066553,69,False,Uruguay,,25-05-2025,False,False,False,out,out_20251219T115521Z,no-language,p10,0.05
SRB,['Serbian'],6567783,87.6907,2024,,,,6.81741879522901,0.8769070000000001,True,,p10,0.05,4.815572229111593,4.815572229111593,0.3801218363708463,1.1,False,2.2724604274592175,2.4997064702051395,2.2724604274592175,2.2724604274592175,70,False,Serbia,,25-05-2025,False,False,False,out,out_20251219T115521Z,no-language,p10,0.05
COL,['Spanish'],53057212,77.3369,2023,,,,7.724744425351789,0.773369,True,,p10,0.05,4.815572229111593,4.815572229111593,0.3801218363708463,1.1,False,2.2708774511331726,2.49796519624649,2.2708774511331726,2.2708774511331726,71,False,Colombia,,25-05-2025,False,False,False,out,out_20251219T115521Z,no-language,p10,0.05
DZA,['Arabic'],47400000,76.9081,2023,,,,7.675778341674085,0.769081,True,,p10,0.05,4.815572229111593,4.815572229111593,0.3801218363708463,0.5,False,2.2439714435346474,1.1219857217673237,2.2439714435346474,2.2439714435346474,72,False,Algeria,,25-05-2025,False,False,False,out,out_20251219T115521Z,no-language,p10,0.05
PSE,['Arabic'],5483450,86.6377,2023,,,,6.739053887776157,0.866377,True,,p10,0.05,4.815572229111593,4.815572229111593,0.3801218363708463,0.5,False,2.2193646393678934,1.1096823196839467,2.2193646393678934,2.2193646393678934,73,False,"Palestine, State of",,25-05-2025,False,False,False,out,out_20251219T115521Z,no-language,p10,0.05
LVA,['Latvian'],1829000,92.7076,2024,,,,6.262213705476417,0.927076,True,,p10,0.05,4.815572229111593,4.815572229111593,0.3801218363708463,1.1,False,2.206815579526078,2.427497137478686,2.206815579526078,2.206815579526078,74,False,Latvia,,25-05-2025,False,False,False,out,out_20251219T115521Z,no-language,p10,0.05
SVN,['Slovene'],2130638,90.7636,2024,,,,6.328509668410944,0.907636,True,,p10,0.05,4.815572229111593,4.815572229111593,0.3801218363708463,0.5,False,2.183413442598638,1.091706721299319,2.183413442598638,2.183413442598638,75,False,Slovenia,,25-05-2025,False,False,False,out,out_20251219T115521Z,no-language,p10,0.05
CRI,['Spanish'],5309625,85.3951,2023,,,,6.725063849484161,0.853951,True,,p10,0.05,4.815572229111593,4.815572229111593,0.3801218363708463,1.1,False,2.1829921907938648,2.4012914098732514,2.1829921907938648,2.1829921907938648,76,False,Costa Rica,,25-05-2025,False,False,True,out,out_20251219T115521Z,no-language,p10,0.05
PRI,"['English', 'Spanish']",3203295,87.2918,2022,,,,6.505596935845423,0.872918,True,,p10,0.05,4.815572229111593,4.815572229111593,0.3801218363708463,1.5,False,2.1586559038962414,3.2379838558443623,2.1586559038962414,2.1586559038962414,77,False,Puerto Rico,,25-05-2025,False,False,False,out,out_20251219T115521Z,no-language,p10,0.05
EST,['Estonian'],1369995,92.238,2024,,,,6.1367189821371575,0.92238,True,,p10,0.05,4.815572229111593,4.815572229111593,0.3801218363708463,1.1,False,2.151636645794563,2.3668003103740194,2.151636645794563,2.151636645794563,78,False,Estonia,,25-05-2025,False,False,False,out,out_20251219T115521Z,no-language,p10,0.05
LBN,"['Arabic', 'French']",5490000,83.4933,2023,,,,6.739572344450092,0.834933,True,,p10,0.05,4.815572229111593,4.815572229111593,0.3801218363708463,1.1,False,2.1389802997713927,2.352878329748532,2.1389802997713927,2.1389802997713927,79,False,Lebanon,,25-05-2025,False,False,False,out,out_20251219T115521Z,no-language,p10,0.05
BIH,"['Bosnian', 'Croatian', 'Serbian']",3422000,86.1009,2024,,,,6.534280005205082,0.8610089999999999,True,,p10,0.05,4.815572229111593,4.815572229111593,0.3801218363708463,1.1,False,2.1385935397658526,2.3524528937424383,2.1385935397658526,2.1385935397658526,80,False,Bosnia and Herzegovina,,25-05-2025,False,False,False,out,out_20251219T115521Z,no-language,p10,0.05
BRN,['Malay'],455500,99.0336,2023,,,,5.658488381309017,0.9903360000000001,True,,p10,0.05,4.815572229111593,4.815572229111593,0.3801218363708463,0.5,False,2.1301285520785993,1.0650642760392997,2.1301285520785993,2.1301285520785993,81,False,Brunei Darussalam,,25-05-2025,False,False,False,out,out_20251219T115521Z,no-language,p10,0.05
ECU,['Spanish'],18103660,77.1727,2024,,,,7.257766384654669,0.771727,True,,p10,0.05,4.815572229111593,4.815572229111593,0.3801218363708463,1.1,False,2.1290678331703288,2.341974616487362,2.1290678331703288,2.1290678331703288,82,False,Ecuador,,25-05-2025,False,False,True,out,out_20251219T115521Z,no-language,p10,0.05
ISL,['Icelandic'],391810,99.8301,2023,,,,5.593075516113534,0.998301,True,,p10,0.05,4.815572229111593,4.815572229111593,0.3801218363708463,1.1,False,2.1224379769645836,2.334681774661042,2.1224379769645836,2.1224379769645836,83,False,Iceland,,25-05-2025,False,False,False,out,out_20251219T115521Z,no-language,p10,0.05
PRY,"['Guaraní', 'Spanish']",6109644,81.5781,2024,,,,6.786015905276943,0.8157810000000001,True,,p10,0.05,4.815572229111593,4.815572229111593,0.3801218363708463,1.1,False,2.10431755397617,2.314749309373787,2.10431755397617,2.10431755397617,84,False,Paraguay,,25-05-2025,False,False,False,out,out_20251219T115521Z,no-language,p10,0.05
HRV,['Croatian'],3866233,83.6324,2024,,,,6.587288023403108,0.8363240000000001,True,,p10,0.05,4.815572229111593,4.815572229111593,0.3801218363708463,1.1,False,2.094131895788017,2.303545085366819,2.094131895788017,2.094131895788017,85,False,Croatia,,25-05-2025,False,False,False,out,out_20251219T115521Z,no-language,p10,0.05
MKD,['Macedonian'],1822612,87.1819,2023,,,,6.260694225323314,0.871819,True,,p10,0.05,4.815572229111593,4.815572229111593,0.3801218363708463,0.5,False,2.0747780342807656,1.0373890171403828,2.0747780342807656,2.0747780342807656,86,False,North Macedonia,,25-05-2025,False,False,False,out,out_20251219T115521Z,no-language,p10,0.05
MNG,['Mongolian'],3544835,83.0162,2023,,,,6.549596025060067,0.830162,True,,p10,0.05,4.815572229111593,4.815572229111593,0.3801218363708463,0.5,False,2.066808231286316,1.033404115643158,2.066808231286316,2.066808231286316,87,False,Mongolia,,25-05-2025,False,False,False,out,out_20251219T115521Z,no-language,p10,0.05
GEO,['Georgian'],4000921,81.8843,2023,,,,6.602159976122113,0.818843,True,,p10,0.05,4.815572229111593,4.815572229111593,0.3801218363708463,0.5,False,2.054989006466388,1.027494503233194,2.054989006466388,2.054989006466388,88,False,Georgia,,25-05-2025,False,False,True,out,out_20251219T115521Z,no-language,p10,0.05
BHS,['English'],398165,94.8186,2023,,,,5.600063081470082,0.9481860000000001,True,,p10,0.05,4.815572229111593,4.815572229111593,0.3801218363708463,1.5,False,2.0184094760450884,3.0276142140676328,2.0184094760450884,2.0184094760450884,89,False,Bahamas,,25-05-2025,False,False,False,out,out_20251219T115521Z,no-language,p10,0.05
ALB,['Albanian'],2363314,83.1356,2023,,,,6.373521427687243,0.831356,True,,p10,0.05,4.815572229111593,4.815572229111593,0.3801218363708463,1.1,False,2.014138376561864,2.2155522142180506,2.014138376561864,2.014138376561864,90,True,Albania,Albania,25-05-2025,False,False,False,out,out_20251219T115521Z,no-language,p10,0.05
GHA,['English'],33742380,69.9445,2023,,,,7.52817571205314,0.6994450000000001,True,,p10,0.05,4.815572229111593,4.815572229111593,0.3801218363708463,1.5,False,2.0015485820248458,3.0023228730372686,2.0015485820248458,2.0015485820248458,91,True,Ghana,Ghana,25-05-2025,False,False,False,out,out_20251219T115521Z,no-language,p10,0.05
TUN,['Arabic'],11972169,72.3542,2023,2025 Q2 P,69000.0,60.0,7.078172838743614,0.723542,False,4.838855384814572,p10,0.05,4.815572229111593,4.838855384814572,0.38753137844744096,0.5,False,1.9846858913640795,0.9923429456820397,1.9846858913640795,1.9846858913640795,92,True,Tunisia,Tunisia,25-05-2025,False,False,False,out,out_20251219T115521Z,no-language,p10,0.05
BTN,['Dzongkha'],784043,88.426,2023,,,,5.894339881754102,0.88426,True,,p10,0.05,4.815572229111593,4.815572229111593,0.3801218363708463,0.5,False,1.9812440407389291,0.9906220203694646,1.9812440407389291,1.9812440407389291,93,True,Bhutan,Bhutan,25-05-2025,False,False,True,out,out_20251219T115521Z,no-language,p10,0.05
MAC,"['Portuguese', 'Chinese']",685900,89.1806,2023,,,,5.836260802858487,0.891806,True,,p10,0.05,4.815572229111593,4.815572229111593,0.3801218363708463,1.1,False,1.978462848044467,2.176309132848914,1.978462848044467,1.978462848044467,94,True,Macao,Macao,25-05-2025,False,False,False,out,out_20251219T115521Z,no-language,p10,0.05
TTO,['English'],1367764,84.6994,2023,,,,6.136011168773308,0.846994,True,,p10,0.05,4.815572229111593,4.815572229111593,0.3801218363708463,1.5,False,1.9755557683548137,2.9633336525322207,1.9755557683548137,1.9755557683548137,95,True,Trinidad and Tobago,Trinidad and Tobago,25-05-2025,False,False,False,out,out_20251219T115521Z,no-language,p10,0.05
ARM,['Armenian'],3076200,79.9966,2023,,,,6.488014567824043,0.799966,True,,p10,0.05,4.815572229111593,4.815572229111593,0.3801218363708463,0.5,False,1.9729049575132567,0.9864524787566283,1.9729049575132567,1.9729049575132567,96,False,Armenia,,25-05-2025,False,False,False,out,out_20251219T115521Z,no-language,p10,0.05
BWA,"['English', 'Tswana']",2359609,81.36,2023,,,,6.372840043982482,0.8136,True,,p10,0.05,4.815572229111593,4.815572229111593,0.3801218363708463,1.5,False,1.97090992531469,2.9563648879720352,1.97090992531469,1.97090992531469,97,False,Botswana,,25-05-2025,False,False,False,out,out_20251219T115521Z,no-language,p10,0.05
MDA,['Romanian'],2749076,80.2126,2023,,,,6.439186746363795,0.8021259999999999,True,,p10,0.05,4.815572229111593,4.815572229111593,0.3801218363708463,1.1,False,1.9633441507034577,2.159678565773804,1.9633441507034577,1.9633441507034577,98,False,"Moldova, Republic of",,25-05-2025,False,False,False,out,out_20251219T115521Z,no-language,p10,0.05
MNE,['Montenegrin'],623327,88.8826,2024,,,,5.7947159391766885,0.888826,True,,p10,0.05,4.815572229111593,4.815572229111593,0.3801218363708463,1.1,False,1.9578153094748663,2.153596840422353,1.9578153094748663,1.9578153094748663,99,False,Montenegro,,25-05-2025,False,False,False,out,out_20251219T115521Z,no-language,p10,0.05
CUB,['Spanish'],9748007,71.275,2023,,,,6.988915832377714,0.7127500000000001,True,,p10,0.05,4.815572229111593,4.815572229111593,0.3801218363708463,1.1,False,1.893519818196959,2.082871800016655,1.893519818196959,1.893519818196959,100,False,Cuba,,25-05-2025,False,False,False,out,out_20251219T115521Z,no-language,p10,0.05
BOL,"['Aymara', 'Guaraní', 'Quechua', 'Spanish']",11365333,70.2368,2023,,,,7.055582164913061,0.702368,True,,p10,0.05,4.815572229111593,4.815572229111593,0.3801218363708463,1.1,False,1.8837375250853878,2.072111277593927,1.8837375250853878,1.8837375250853878,101,False,"Bolivia, Plurinational State of",,25-05-2025,False,False,False,out,out_20251219T115521Z,no-language,p10,0.05
ABW,"['Dutch', 'Papiamento']",107566,97.17,2017,,,,5.031675019046017,0.9717,True,,p10,0.05,4.815572229111593,4.815572229111593,0.3801218363708463,1.1,False,1.8585215660452965,2.0443737226498264,1.8585215660452965,1.8585215660452965,102,False,Aruba,,25-05-2025,False,False,True,out,out_20251219T115521Z,no-language,p10,0.05
MUS,"['English', 'French', 'Mauritian Creole']",1243741,79.5,2023,,,,6.094729951108975,0.795,True,,p10,0.05,4.815572229111593,4.815572229111593,0.3801218363708463,1.5,False,1.841808253253954,2.7627123798809308,1.841808253253954,1.841808253253954,103,False,Mauritius,,25-05-2025,False,False,True,out,out_20251219T115521Z,no-language,p10,0.05
MDV,['Maldivian'],515132,84.6851,2023,,,,5.711918529091912,0.846851,True,,p10,0.05,4.815572229111593,4.815572229111593,0.3801218363708463,0.5,False,1.83870402900667,0.919352014503335,1.83870402900667,1.83870402900667,104,False,Maldives,,25-05-2025,False,False,False,out,out_20251219T115521Z,no-language,p10,0.05
GUY,['English'],772975,81.7221,2023,,,,5.888165447944686,0.817221,True,,p10,0.05,4.815572229111593,4.815572229111593,0.3801218363708463,1.5,False,1.8291206014903654,2.743680902235548,1.8291206014903654,1.8291206014903654,105,False,Guyana,,25-05-2025,False,False,True,out,out_20251219T115521Z,no-language,p10,0.05
BMU,['English'],64055,98.37,2017,,,,4.80655303552734,0.9837,True,,p10,0.05,4.815572229111593,4.815572229111593,0.3801218363708463,1.5,False,1.7972944314849184,2.695941647227378,1.7972944314849184,1.7972944314849184,106,False,Bermuda,,25-05-2025,False,False,False,out,out_20251219T115521Z,no-language,p10,0.05
FJI,"['English', 'Fijian', 'Fiji Hindi']",900869,79.3485,2023,,,,5.954661642573458,0.793485,True,,p10,0.05,4.815572229111593,4.815572229111593,0.3801218363708463,1.5,False,1.7960508524093486,2.694076278614023,1.7960508524093486,1.7960508524093486,107,False,Fiji,,25-05-2025,True,True,False,out,out_20251219T115521Z,no-language,p10,0.05
AND,['Catalan'],88406,95.4456,2023,,,,4.946481741013802,0.954456,True,,p10,0.05,4.815572229111593,4.815572229111593,0.3801218363708463,1.1,False,1.794630900882126,1.9740939909703388,1.794630900882126,1.794630900882126,108,False,Andorra,,25-05-2025,False,False,False,out,out_20251219T115521Z,no-language,p10,0.05
FRO,"['Danish', 'Faroese']",54885,97.582,2017,,,,4.739453668542288,0.9758199999999999,True,,p10,0.05,4.815572229111593,4.815572229111593,0.3801218363708463,1.1,False,1.7580078733459599,1.933808660680556,1.7580078733459599,1.7580078733459599,109,False,Faroe Islands,,25-05-2025,True,True,False,out,out_20251219T115521Z,no-language,p10,0.05
GAB,['French'],2469296,71.9256,2023,,,,6.392573152897294,0.719256,True,,p10,0.05,4.815572229111593,4.815572229111593,0.3801218363708463,1.1,False,1.7477608973856544,1.92253698712422,1.7477608973856544,1.7477608973856544,110,False,Gabon,,25-05-2025,True,True,False,out,out_20251219T115521Z,no-language,p10,0.05
VEN,['Spanish'],28517000,61.6,2017,,,,7.455103835626699,0.616,True,,p10,0.05,4.815572229111593,4.815572229111593,0.3801218363708463,1.1,False,1.7456502203655964,1.9202152424021561,1.7456502203655964,1.7456502203655964,111,False,"Venezuela, Bolivarian Republic of",,25-05-2025,False,False,False,out,out_20251219T115521Z,no-language,p10,0.05
SLV,['Spanish'],6029976,67.6558,2023,,,,6.78031558360146,0.676558,True,,p10,0.05,4.815572229111593,4.815572229111593,0.3801218363708463,1.1,False,1.743724062383252,1.9180964686215773,1.743724062383252,1.743724062383252,112,False,El Salvador,,25-05-2025,False,False,False,out,out_20251219T115521Z,no-language,p10,0.05
MCO,['French'],38423,99.1497,2023,,,,4.584591270795872,0.991497,True,,p10,0.05,4.815572229111593,4.815572229111593,0.3801218363708463,1.1,False,1.7278850471055702,1.9006735518161273,1.7278850471055702,1.7278850471055702,113,False,Monaco,,25-05-2025,False,False,False,out,out_20251219T115521Z,no-language,p10,0.05
SUR,['Dutch'],616500,78.3958,2023,,,,5.789933080931751,0.7839579999999999,True,,p10,0.05,4.815572229111593,4.815572229111593,0.3801218363708463,1.1,False,1.7253974792676634,1.89793722719443,1.7253974792676634,1.7253974792676634,114,False,Suriname,,25-05-2025,False,False,False,out,out_20251219T115521Z,no-language,p10,0.05
PAN,['Spanish'],4064780,68.5485,2023,,,,6.60903704504163,0.685485,True,,p10,0.05,4.815572229111593,4.815572229111593,0.3801218363708463,1.1,False,1.7221023553294894,1.8943125908624385,1.7221023553294894,1.7221023553294894,115,False,Panama,,25-05-2025,False,False,False,out,out_20251219T115521Z,no-language,p10,0.05
MMR,['Burmese'],51316756,58.5357,2023,,,,7.710259194549563,0.585357,True,,p10,0.05,4.815572229111593,4.815572229111593,0.3801218363708463,0.5,False,1.7155864712220805,0.8577932356110403,1.7155864712220805,1.7155864712220805,116,False,Myanmar,,25-05-2025,False,False,False,out,out_20251219T115521Z,no-language,p10,0.05
LIE,['German'],40900,97.3444,2023,,,,4.611723308007342,0.973444,True,,p10,0.05,4.815572229111593,4.815572229111593,0.3801218363708463,1.1,False,1.7064636203210943,1.8771099823532038,1.7064636203210943,1.7064636203210943,117,False,Liechtenstein,,25-05-2025,False,False,False,out,out_20251219T115521Z,no-language,p10,0.05
KIR,"['English', 'Gilbertese']",120740,88.0,2023,,,,5.081851171517454,0.88,True,,p10,0.05,4.815572229111593,4.815572229111593,0.3801218363708463,1.5,False,1.6999158875428848,2.5498738313143274,1.6999158875428848,1.6999158875428848,118,False,Kiribati,,25-05-2025,False,False,False,out,out_20251219T115521Z,no-language,p10,0.05
SYC,"['Seychellois Creole', 'English', 'French']",122729,87.4009,2023,,,,5.088947195586477,0.8740089999999999,True,,p10,0.05,4.815572229111593,4.815572229111593,0.3801218363708463,1.5,False,1.6907004488594228,2.536050673289134,1.6907004488594228,1.6907004488594228,119,False,Seychelles,,25-05-2025,False,False,True,out,out_20251219T115521Z,no-language,p10,0.05
NCL,['French'],264596,82.0058,2017,,,,5.422583274503567,0.820058,True,,p10,0.05,4.815572229111593,4.815572229111593,0.3801218363708463,1.1,False,1.690338248040175,1.8593720728441927,1.690338248040175,1.690338248040175,120,False,New Caledonia,,25-05-2025,False,False,False,out,out_20251219T115521Z,no-language,p10,0.05
SEN,['French'],18593258,60.6122,2023,,,,7.26935549560564,0.606122,True,,p10,0.05,4.815572229111593,4.815572229111593,0.3801218363708463,1.1,False,1.6748610160673516,1.8423471176740869,1.6748610160673516,1.6748610160673516,121,False,Senegal,,25-05-2025,False,False,False,out,out_20251219T115521Z,no-language,p10,0.05
KHM,['Khmer'],17577760,60.7171,2023,,,,7.244963530486225,0.607171,True,,p10,0.05,4.815572229111593,4.815572229111593,0.3801218363708463,0.5,False,1.6721300155523997,0.8360650077761999,1.6721300155523997,1.6721300155523997,122,False,Cambodia,,25-05-2025,False,False,False,out,out_20251219T115521Z,no-language,p10,0.05
LUX,"['German', 'French', 'Luxembourgish']",681973,98.7606,2024,2025 Q2 P,34000.0,21.0,5.8337671808395735,0.987606,False,4.53149169022153,p10,0.05,4.815572229111593,4.53149169022153,0.28971713638516794,1.1,False,1.6691946980321115,1.8361141678353228,1.6691946980321115,1.6691946980321115,123,False,Luxembourg,,25-05-2025,False,False,False,out,out_20251219T115521Z,no-language,p10,0.05
LAO,['Lao'],7647000,63.6255,2023,,,,6.88349109018893,0.636255,True,,p10,0.05,4.815572229111593,4.815572229111593,0.3801218363708463,0.5,False,1.6648027383102344,0.8324013691551172,1.6648027383102344,1.6648027383102344,124,False,Lao People's Democratic Republic,,25-05-2025,False,False,False,out,out_20251219T115521Z,no-language,p10,0.05
BRB,['English'],267800,79.9923,2023,2025 Q1 P,66000.0,166.0,5.42781057267599,0.799923,False,4.819550515711442,p10,0.05,4.815572229111593,4.819550515711442,0.3813878710239823,1.5,False,1.6559214971213516,2.4838822456820275,1.6559214971213516,1.6559214971213516,125,False,Barbados,,25-05-2025,False,False,False,out,out_20251219T115521Z,no-language,p10,0.05
GIB,['English'],38000,94.4445,2016,,,,4.57978359661681,0.9444450000000001,True,,p10,0.05,4.815572229111593,4.815572229111593,0.3801218363708463,1.5,False,1.6441613985843082,2.4662420978764623,1.6441613985843082,1.6441613985843082,126,False,Gibraltar,,25-05-2025,False,False,False,out,out_20251219T115521Z,no-language,p10,0.05
CPV,['Portuguese'],491233,73.539,2023,,,,5.6912875341031945,0.73539,True,,p10,0.05,4.815572229111593,4.815572229111593,0.3801218363708463,1.1,False,1.590929980792515,1.7500229788717667,1.590929980792515,1.590929980792515,127,False,Cabo Verde,,25-05-2025,False,False,False,out,out_20251219T115521Z,no-language,p10,0.05
GUM,"['Chamorro', 'English', 'Spanish']",153836,80.5055,2017,,,,5.187057978975404,0.805055,True,,p10,0.05,4.815572229111593,4.815572229111593,0.3801218363708463,1.5,False,1.5873382177560338,2.381007326634051,1.5873382177560338,1.5873382177560338,128,False,Guam,,25-05-2025,False,False,False,out,out_20251219T115521Z,no-language,p10,0.05
NAM,"['Afrikaans', 'German', 'English', 'Herero', 'Khoekhoe', 'Kwangali', 'Lozi', 'Ndonga', 'Tswana']",3022401,64.4061,2023,,,,6.480352084269662,0.644061,True,,p10,0.05,4.815572229111593,4.815572229111593,0.3801218363708463,1.5,False,1.5865304902072437,2.3797957353108656,1.5865304902072437,1.5865304902072437,129,False,Namibia,,25-05-2025,False,False,True,out,out_20251219T115521Z,no-language,p10,0.05
NPL,['Nepali'],29911840,55.7716,2023,,,,7.475843129088429,0.557716,True,,p10,0.05,4.815572229111593,4.815572229111593,0.3801218363708463,0.5,False,1.5848789683403062,0.7924394841701531,1.5848789683403062,1.5848789683403062,130,False,Nepal,,25-05-2025,False,False,True,out,out_20251219T115521Z,no-language,p10,0.05
HND,['Spanish'],9892632,58.2789,2023,,,,6.995311853882634,0.582789,True,,p10,0.05,4.815572229111593,4.815572229111593,0.3801218363708463,1.1,False,1.5496772054004875,1.7046449259405363,1.5496772054004875,1.5496772054004875,131,False,Honduras,,25-05-2025,False,False,False,out,out_20251219T115521Z,no-language,p10,0.05
GTM,['Spanish'],18079810,56.0535,2023,,,,7.25719386217999,0.560535,True,,p10,0.05,4.815572229111593,4.815572229111593,0.3801218363708463,1.1,False,1.54630186091693,1.700932047008623,1.54630186091693,1.54630186091693,132,False,Guatemala,,25-05-2025,False,False,False,out,out_20251219T115521Z,no-language,p10,0.05
BLZ,"['Belizean Creole', 'English', 'Spanish']",417634,72.3595,2023,,,,5.620795847779911,0.723595,True,,p10,0.05,4.815572229111593,4.815572229111593,0.3801218363708463,1.5,False,1.546023843583172,2.3190357653747578,1.546023843583172,1.546023843583172,133,False,Belize,,25-05-2025,False,False,False,out,out_20251219T115521Z,no-language,p10,0.05
DMA,['English'],67408,83.8255,2023,,,,4.828711441782772,0.8382550000000001,True,,p10,0.05,4.815572229111593,4.815572229111593,0.3801218363708463,1.5,False,1.5386159297038537,2.3079238945557807,1.5386159297038537,1.5386159297038537,134,False,Dominica,,25-05-2025,False,False,False,out,out_20251219T115521Z,no-language,p10,0.05
CYM,['English'],84738,81.0677,2017,,,,4.928078209497234,0.810677,True,,p10,0.05,4.815572229111593,4.815572229111593,0.3801218363708463,1.5,False,1.5186170162902746,2.2779255244354117,1.5186170162902746,1.5186170162902746,135,False,Cayman Islands,,25-05-2025,False,False,False,out,out_20251219T115521Z,no-language,p10,0.05
TJK,"['Russian', 'Tajik']",10499000,56.791,2023,,,,7.021147935720995,0.5679099999999999,True,,p10,0.05,4.815572229111593,4.815572229111593,0.3801218363708463,0.5,False,1.5156902551101317,0.7578451275550658,1.5156902551101317,1.5156902551101317,136,False,Tajikistan,,25-05-2025,False,False,False,out,out_20251219T115521Z,no-language,p10,0.05
NIC,['Spanish'],6803886,58.2314,2023,,,,6.832757028340634,0.582314,True,,p10,0.05,4.815572229111593,4.815572229111593,0.3801218363708463,1.1,False,1.512432592736407,1.6636758520100479,1.512432592736407,1.512432592736407,137,False,Nicaragua,,25-05-2025,False,False,False,out,out_20251219T115521Z,no-language,p10,0.05
PYF,['French'],279500,72.7039,2017,,,,5.446381812222442,0.727039,True,,p10,0.05,4.815572229111593,4.815572229111593,0.3801218363708463,1.1,False,1.505180594197773,1.6556986536175504,1.505180594197773,1.505180594197773,138,False,French Polynesia,,25-05-2025,False,False,False,out,out_20251219T115521Z,no-language,p10,0.05
SMR,['Italian'],34132,87.0278,2023,,,,4.533161736960601,0.870278,True,,p10,0.05,4.815572229111593,4.815572229111593,0.3801218363708463,1.1,False,1.499622811443379,1.649585092587717,1.499622811443379,1.499622811443379,139,False,San Marino,,25-05-2025,True,True,False,out,out_20251219T115521Z,no-language,p10,0.05
DJI,"['Arabic', 'French']",1066809,65.0248,2023,,,,6.028086670904087,0.6502479999999999,True,,p10,0.05,4.815572229111593,4.815572229111593,0.3801218363708463,1.1,False,1.4899830628743802,1.6389813691618182,1.4899830628743802,1.4899830628743802,140,False,Djibouti,,25-05-2025,False,False,False,out,out_20251219T115521Z,no-language,p10,0.05
ATG,['English'],103603,77.5756,2023,,,,5.015372331322167,0.7757559999999999,True,,p10,0.05,4.815572229111593,4.815572229111593,0.3801218363708463,1.5,False,1.478941997136672,2.218412995705008,1.478941997136672,1.478941997136672,141,False,Antigua and Barbuda,,25-05-2025,False,False,False,out,out_20251219T115521Z,no-language,p10,0.05
VCT,['English'],110872,75.9927,2023,,,,5.044821881759084,0.759927,True,,p10,0.05,4.815572229111593,4.815572229111593,0.3801218363708463,1.5,False,1.4572716997442259,2.185907549616339,1.4572716997442259,1.4572716997442259,142,False,Saint Vincent and the Grenadines,,25-05-2025,False,False,False,out,out_20251219T115521Z,no-language,p10,0.05
GNQ,"['French', 'Portuguese', 'Spanish']",1668768,60.3661,2023,,,,6.222395963208134,0.603661,True,,p10,0.05,4.815572229111593,4.815572229111593,0.3801218363708463,1.1,False,1.4278203963687004,1.5706024360055706,1.4278203963687004,1.4278203963687004,143,False,Equatorial Guinea,,25-05-2025,False,False,False,out,out_20251219T115521Z,no-language,p10,0.05
GRD,['English'],109021,74.1201,2023,,,,5.037510161295513,0.7412009999999999,True,,p10,0.05,4.815572229111593,4.815572229111593,0.3801218363708463,1.5,False,1.419301789807363,2.1289526847110443,1.419301789807363,1.419301789807363,144,False,Grenada,,25-05-2025,False,False,False,out,out_20251219T115521Z,no-language,p10,0.05
LCA,['English'],184100,70.0834,2023,,,,5.265053788504015,0.700834,True,,p10,0.05,4.815572229111593,4.815572229111593,0.3801218363708463,1.5,False,1.4026224761110402,2.10393371416656,1.4026224761110402,1.4026224761110402,145,False,Saint Lucia,,25-05-2025,False,False,False,out,out_20251219T115521Z,no-language,p10,0.05
BGD,['Bengali'],169828911,44.5027,2023,,,,8.230011624771146,0.44502699999999995,True,,p10,0.05,4.815572229111593,4.815572229111593,0.3801218363708463,0.5,False,1.3922256408044003,0.6961128204022001,1.3922256408044003,1.3922256408044003,146,False,Bangladesh,,25-05-2025,False,False,False,out,out_20251219T115521Z,no-language,p10,0.05
LKA,"['Sinhala', 'Tamil']",21763170,51.2,2023,2025 Q1 P,59000.0,96.0,7.337722154502129,0.512,False,4.770859372503186,p10,0.05,4.815572229111593,4.770859372503186,0.3658925885561975,0.5,False,1.3746268944470745,0.6873134472235373,1.3746268944470745,1.3746268944470745,147,False,Sri Lanka,,25-05-2025,False,False,False,out,out_20251219T115521Z,no-language,p10,0.05
KNA,['English'],51320,76.4208,2023,,,,4.710286647702891,0.764208,True,,p10,0.05,4.815572229111593,4.815572229111593,0.3801218363708463,1.5,False,1.3683012875379905,2.0524519313069858,1.3683012875379905,1.3683012875379905,148,False,Saint Kitts and Nevis,,25-05-2025,False,False,False,out,out_20251219T115521Z,no-language,p10,0.05
VGB,['English'],39471,77.7043,2017,,,,4.596278129409967,0.777043,True,,p10,0.05,4.815572229111593,4.815572229111593,0.3801218363708463,1.5,False,1.357607322972833,2.0364109844592493,1.357607322972833,1.357607322972833,149,False,"Virgin Islands, British",,25-05-2025,False,False,False,out,out_20251219T115521Z,no-language,p10,0.05
CUW,"['English', 'Dutch', 'Papiamento']",156115,68.1272,2017,,,,5.193444633390771,0.681272,True,,p10,0.05,4.815572229111593,4.815572229111593,0.3801218363708463,1.5,False,1.3449274718282387,2.017391207742358,1.3449274718282387,1.3449274718282387,150,False,Curaçao,,25-05-2025,False,False,False,out,out_20251219T115521Z,no-language,p10,0.05
SWZ,"['English', 'Swazi']",1235549,57.62,2023,,,,6.09185997354031,0.5761999999999999,True,,p10,0.05,4.815572229111593,4.815572229111593,0.3801218363708463,1.5,False,1.3342769538323809,2.001415430748571,1.3342769538323809,1.3342769538323809,151,False,Eswatini,,25-05-2025,False,False,True,out,out_20251219T115521Z,no-language,p10,0.05
AGO,['Portuguese'],36170961,44.7581,2023,,,,7.558360047369661,0.447581,True,,p10,0.05,4.815572229111593,4.815572229111593,0.3801218363708463,1.1,False,1.2859439421820846,1.4145383364002933,1.2859439421820846,1.2859439421820846,152,False,Angola,,25-05-2025,False,False,False,out,out_20251219T115521Z,no-language,p10,0.05
NRU,"['English', 'Nauru']",11680,81.6554,2020,,,,4.067442842776381,0.816554,True,,p10,0.05,4.815572229111593,4.815572229111593,0.3801218363708463,1.5,False,1.2624936082762368,1.8937404124143553,1.2624936082762368,1.2624936082762368,153,False,Nauru,,25-05-2025,False,False,False,out,out_20251219T115521Z,no-language,p10,0.05
NGA,['English'],223800000,39.2136,2023,2025 Q2 P,68000.0,57.0,8.34986008219233,0.392136,False,4.832515299342833,p10,0.05,4.815572229111593,4.832515299342833,0.385513733989304,1.5,False,1.2622801915815334,1.8934202873723,1.2622801915815334,1.2622801915815334,154,False,Nigeria,,25-05-2025,False,False,False,out,out_20251219T115521Z,no-language,p10,0.05
GRL,['Greenlandic'],56542,69.4825,2017,,,,4.752371166261774,0.694825,True,,p10,0.05,4.815572229111593,4.815572229111593,0.3801218363708463,0.5,False,1.2551875041009277,0.6275937520504639,1.2551875041009277,1.2551875041009277,155,False,Greenland,,25-05-2025,False,False,False,out,out_20251219T115521Z,no-language,p10,0.05
STP,['Portuguese'],209607,61.4607,2023,,,,5.321405782179103,0.614607,True,,p10,0.05,4.815572229111593,4.815572229111593,0.3801218363708463,1.1,False,1.243216307330329,1.367537938063362,1.243216307330329,1.243216307330329,156,False,Sao Tome and Principe,,25-05-2025,False,False,False,out,out_20251219T115521Z,no-language,p10,0.05
VIR,['English'],87146,64.3775,2017,,,,4.940247457793744,0.643775,True,,p10,0.05,4.815572229111593,4.815572229111593,0.3801218363708463,1.5,False,1.208942456058677,1.8134136840880155,1.208942456058677,1.208942456058677,157,False,"Virgin Islands, U.S.",,25-05-2025,False,False,False,out,out_20251219T115521Z,no-language,p10,0.05
CMR,"['English', 'French']",29442327,41.9088,2023,,,,7.468972131865236,0.419088,True,,p10,0.05,4.815572229111593,4.815572229111593,0.3801218363708463,1.5,False,1.1898408721831197,1.7847613082746796,1.1898408721831197,1.1898408721831197,158,False,Cameroon,,25-05-2025,False,False,False,out,out_20251219T115521Z,no-language,p10,0.05
PAK,"['English', 'Urdu']",241499431,27.3759,2023,2025 Q1 P,171000.0,141.0,8.38291611184177,0.27375900000000003,False,5.23299865011854,p10,0.05,4.815572229111593,5.23299865011854,0.5129620179076478,1.5,False,1.1771958843894752,1.7657938265842128,1.1771958843894752,1.1771958843894752,159,False,Pakistan,,25-05-2025,False,False,False,out,out_20251219T115521Z,no-language,p10,0.05
WSM,"['English', 'Samoan']",205557,58.1386,2023,,,,5.312932270752029,0.581386,True,,p10,0.05,4.815572229111593,4.815572229111593,0.3801218363708463,1.5,False,1.1741448236756542,1.7612172355134814,1.1741448236756542,1.1741448236756542,160,False,Samoa,,25-05-2025,False,False,False,out,out_20251219T115521Z,no-language,p10,0.05
CIV,['French'],31719275,40.6528,2023,,,,7.501323252192296,0.406528,True,,p10,0.05,4.815572229111593,4.815572229111593,0.3801218363708463,1.1,False,1.1591807566073464,1.2750988322680812,1.1591807566073464,1.1591807566073464,161,False,Côte d'Ivoire,,25-05-2025,False,False,False,out,out_20251219T115521Z,no-language,p10,0.05
MHL,"['English', 'Marshallese']",42418,65.7177,2023,,,,4.627550187767521,0.6571769999999999,True,,p10,0.05,4.815572229111593,4.815572229111593,0.3801218363708463,1.5,False,1.1559959478729191,1.7339939218093787,1.1559959478729191,1.1559959478729191,162,False,Marshall Islands,,25-05-2025,False,False,False,out,out_20251219T115521Z,no-language,p10,0.05
LSO,"['English', 'Sotho']",2116427,47.991,2023,,,,6.325603293342072,0.47991,True,,p10,0.05,4.815572229111593,4.815572229111593,0.3801218363708463,1.5,False,1.1539435662143558,1.7309153493215337,1.1539435662143558,1.1539435662143558,163,False,Lesotho,,25-05-2025,False,False,False,out,out_20251219T115521Z,no-language,p10,0.05
TUV,"['English', 'Tuvaluan']",10643,74.3146,2023,,,,4.027064062151045,0.743146,True,,p10,0.05,4.815572229111593,4.815572229111593,0.3801218363708463,1.5,False,1.1375893081085333,1.7063839621627999,1.1375893081085333,1.1375893081085333,164,False,Tuvalu,,25-05-2025,False,False,False,out,out_20251219T115521Z,no-language,p10,0.05
GMB,['English'],2422712,45.9137,2023,,,,6.384301790429396,0.45913699999999996,True,,p10,0.05,4.815572229111593,4.815572229111593,0.3801218363708463,1.5,False,1.1142394202356918,1.6713591303535376,1.1142394202356918,1.1142394202356918,165,False,Gambia,,25-05-2025,False,False,False,out,out_20251219T115521Z,no-language,p10,0.05
TON,"['English', 'Tongan']",100179,58.5334,2023,,,,5.0007766921902945,0.585334,True,,p10,0.05,4.815572229111593,4.815572229111593,0.3801218363708463,1.5,False,1.1126639874929205,1.6689959812393806,1.1126639874929205,1.1126639874929205,166,False,Tonga,,25-05-2025,False,False,False,out,out_20251219T115521Z,no-language,p10,0.05
ZWE,"['Chibarwe', 'English', 'Kalanga', 'Khoisan', 'Ndau', 'Northern Ndebele', 'Chewa', 'Shona', 'Sotho', 'Tonga', 'Tswana', 'Tsonga', 'Venda', 'Xhosa', 'Zimbabwean Sign Language']",17073087,38.4266,2023,,,,7.232312053385075,0.384266,True,,p10,0.05,4.815572229111593,4.815572229111593,0.3801218363708463,1.5,False,1.0564086162434185,1.584612924365128,1.0564086162434185,1.0564086162434185,167,False,Zimbabwe,,25-05-2025,False,False,False,out,out_20251219T115521Z,no-language,p10,0.05
HTI,"['French', 'Haitian Creole']",11867032,39.262,2019,,,,7.074342113461789,0.39262,True,,p10,0.05,4.815572229111593,4.815572229111593,0.3801218363708463,1.1,False,1.0557991201790826,1.161379032196991,1.0557991201790826,1.0557991201790826,168,False,Haiti,,25-05-2025,False,False,False,out,out_20251219T115521Z,no-language,p10,0.05
KEN,"['English', 'Swahili']",53330978,34.9762,2024,,,,7.726979547982685,0.34976199999999996,True,,p10,0.05,4.815572229111593,4.815572229111593,0.3801218363708463,1.5,False,1.0273187272927222,1.5409780909390833,1.0273187272927222,1.0273187272927222,169,False,Kenya,,25-05-2025,False,False,False,out,out_20251219T115521Z,no-language,p10,0.05
COG,"['French', 'Kikongo', 'Lingala']",6142180,38.3791,2023,,,,6.788322539534806,0.383791,True,,p10,0.05,4.815572229111593,4.815572229111593,0.3801218363708463,1.1,False,0.9903303163359541,1.0893633479695497,0.9903303163359541,0.9903303163359541,170,False,Congo,,25-05-2025,False,False,False,out,out_20251219T115521Z,no-language,p10,0.05
MLI,['French'],22395489,35.0921,2023,,,,7.350160549597546,0.35092100000000004,True,,p10,0.05,4.815572229111593,4.815572229111593,0.3801218363708463,1.1,False,0.9804580179669495,1.0785038197636445,0.9804580179669495,0.9804580179669495,171,False,Mali,,25-05-2025,False,False,False,out,out_20251219T115521Z,no-language,p10,0.05
SYR,['Arabic'],25620000,34.65,2019,,,,7.408579125408668,0.3465,True,,p10,0.05,4.815572229111593,4.815572229111593,0.3801218363708463,0.5,False,0.9758003762599996,0.4879001881299998,0.9758003762599996,0.9758003762599996,172,False,Syrian Arab Republic,,25-05-2025,False,False,False,out,out_20251219T115521Z,no-language,p10,0.05
TGO,['French'],8095498,37.0223,2023,,,,6.908243569828069,0.370223,True,,p10,0.05,4.815572229111593,4.815572229111593,0.3801218363708463,1.1,False,0.9721960580419553,1.069415663846151,0.9721960580419553,0.9721960580419553,173,False,Togo,,25-05-2025,False,False,False,out,out_20251219T115521Z,no-language,p10,0.05
VUT,"['Bislama', 'English', 'French']",321409,45.7313,2023,,,,5.507058033583555,0.45731299999999997,True,,p10,0.05,4.815572229111593,4.815572229111593,0.3801218363708463,1.5,False,0.9573175463090409,1.4359763194635613,0.9573175463090409,0.9573175463090409,174,False,Vanuatu,,25-05-2025,False,False,True,out,out_20251219T115521Z,no-language,p10,0.05
MRT,['Arabic'],4927532,37.3809,2023,,,,6.69262945332252,0.37380899999999995,True,,p10,0.05,4.815572229111593,4.815572229111593,0.3801218363708463,0.5,False,0.9509755528438091,0.47548777642190454,0.9509755528438091,0.9509755528438091,175,False,Mauritania,,25-05-2025,False,False,False,out,out_20251219T115521Z,no-language,p10,0.05
SLB,['English'],750325,42.4597,2023,,,,5.875249416903541,0.424597,True,,p10,0.05,4.815572229111593,4.815572229111593,0.3801218363708463,1.5,False,0.9482569797625116,1.4223854696437672,0.9482569797625116,0.9482569797625116,176,False,Solomon Islands,,25-05-2025,False,False,False,out,out_20251219T115521Z,no-language,p10,0.05
COD,"['French', 'Kikongo', 'Lingala', 'Tshiluba', 'Swahili']",112832000,30.548,2023,,,,8.05243228628321,0.30548,True,,p10,0.05,4.815572229111593,4.815572229111593,0.3801218363708463,1.1,False,0.9350453656807276,1.0285499022488005,0.9350453656807276,0.9350453656807276,177,False,"Congo, The Democratic Republic of the",,25-05-2025,False,False,False,out,out_20251219T115521Z,no-language,p10,0.05
RWA,"['English', 'French', 'Kinyarwanda']",14104969,34.2005,2023,,,,7.14937213599697,0.342005,True,,p10,0.05,4.815572229111593,4.815572229111593,0.3801218363708463,1.5,False,0.9294438912722611,1.3941658369083916,0.9294438912722611,0.9294438912722611,178,False,Rwanda,,25-05-2025,False,False,False,out,out_20251219T115521Z,no-language,p10,0.05
ZMB,['English'],19693423,33.0,2023,,,,7.294321209322918,0.33,True,,p10,0.05,4.815572229111593,4.815572229111593,0.3801218363708463,1.5,False,0.9150011551449911,1.3725017327174867,0.9150011551449911,0.9150011551449911,179,False,Zambia,,25-05-2025,False,False,False,out,out_20251219T115521Z,no-language,p10,0.05
BEN,['French'],13224860,32.2083,2023,,,,7.121391083236578,0.322083,True,,p10,0.05,4.815572229111593,4.815572229111593,0.3801218363708463,1.1,False,0.8718774751453585,0.9590652226598945,0.8718774751453585,0.8718774751453585,180,False,Benin,,25-05-2025,False,False,False,out,out_20251219T115521Z,no-language,p10,0.05
TZA,"['English', 'Swahili']",68153004,29.0638,2023,,,,7.833485003118178,0.290638,True,,p10,0.05,4.815572229111593,4.815572229111593,0.3801218363708463,1.5,False,0.8654265833384571,1.2981398750076858,0.8654265833384571,0.8654265833384571,181,False,"Tanzania, United Republic of",,25-05-2025,False,False,False,out,out_20251219T115521Z,no-language,p10,0.05
COM,"['Arabic', 'French', 'Comorian']",919901,35.6678,2023,,,,5.963741090968163,0.356678,True,,p10,0.05,4.815572229111593,4.815572229111593,0.3801218363708463,1.1,False,0.8085705554793813,0.8894276110273195,0.8085705554793813,0.8085705554793813,182,False,Comoros,,25-05-2025,False,False,False,out,out_20251219T115521Z,no-language,p10,0.05
TLS,"['Portuguese', 'Tetum']",1391221,34.0207,2023,,,,6.143396124569186,0.340207,True,,p10,0.05,4.815572229111593,4.815572229111593,0.3801218363708463,1.1,False,0.794464660060825,0.8739111260669075,0.794464660060825,0.794464660060825,183,False,Timor-Leste,,25-05-2025,False,False,False,out,out_20251219T115521Z,no-language,p10,0.05
SDN,"['Arabic', 'English']",51662000,26.4383,2020,,,,7.713171215080633,0.26438300000000003,True,,p10,0.05,4.815572229111593,4.815572229111593,0.3801218363708463,1.5,False,0.7751563637819663,1.1627345456729494,0.7751563637819663,0.7751563637819663,184,False,Sudan,,25-05-2025,False,False,False,out,out_20251219T115521Z,no-language,p10,0.05
GNB,"['Portuguese', 'Upper Guinea Creole']",1781308,32.4661,2023,,,,6.250739018360228,0.324661,True,,p10,0.05,4.815572229111593,4.815572229111593,0.3801218363708463,1.1,False,0.7714082997868679,0.8485491297655547,0.7714082997868679,0.7714082997868679,185,False,Guinea-Bissau,,25-05-2025,False,False,False,out,out_20251219T115521Z,no-language,p10,0.05
SOM,"['Arabic', 'Somali']",19655000,27.6,2022,,,,7.293473048156108,0.276,True,,p10,0.05,4.815572229111593,4.815572229111593,0.3801218363708463,0.5,False,0.7651847097298392,0.3825923548649196,0.7651847097298392,0.7651847097298392,186,False,Somalia,,25-05-2025,False,False,False,out,out_20251219T115521Z,no-language,p10,0.05
FSM,['English'],105564,39.3833,2020,,,,5.023515838018407,0.393833,True,,p10,0.05,4.815572229111593,4.815572229111593,0.3801218363708463,1.5,False,0.7520430432350022,1.1280645648525032,0.7520430432350022,0.7520430432350022,187,False,"Micronesia, Federated States of",,25-05-2025,False,False,False,out,out_20251219T115521Z,no-language,p10,0.05
GIN,['French'],14363931,26.5014,2023,,,,7.157273310239107,0.265014,True,,p10,0.05,4.815572229111593,4.815572229111593,0.3801218363708463,1.1,False,0.7210065955377133,0.7931072550914847,0.7210065955377133,0.7210065955377133,188,False,Guinea,,25-05-2025,False,False,False,out,out_20251219T115521Z,no-language,p10,0.05
NER,['French'],26312034,23.1879,2023,,,,7.420154421663518,0.231879,True,,p10,0.05,4.815572229111593,4.815572229111593,0.3801218363708463,1.1,False,0.6540292640912589,0.7194321905003849,0.6540292640912589,0.6540292640912589,189,False,Niger,,25-05-2025,False,False,False,out,out_20251219T115521Z,no-language,p10,0.05
PNG,"['English', 'Hiri Motu', 'Tok Pisin']",11781559,24.0667,2023,,,,7.071202762462869,0.24066700000000002,True,,p10,0.05,4.815572229111593,4.815572229111593,0.3801218363708463,1.5,False,0.6468933007527887,0.970339951129183,0.6468933007527887,0.6468933007527887,190,False,Papua New Guinea,,25-05-2025,False,False,False,out,out_20251219T115521Z,no-language,p10,0.05
LBR,['English'],5248621,23.4979,2023,,,,6.720045213737611,0.23497900000000002,True,,p10,0.05,4.815572229111593,4.815572229111593,0.3801218363708463,1.5,False,0.6002387997236784,0.9003581995855177,0.6002387997236784,0.6002387997236784,191,False,Liberia,,25-05-2025,False,False,False,out,out_20251219T115521Z,no-language,p10,0.05
MDG,"['French', 'Malagasy']",31727042,20.3671,2023,,,,7.501429583510402,0.20367100000000002,True,,p10,0.05,4.815572229111593,4.815572229111593,0.3801218363708463,1.1,False,0.5807591370777964,0.638835050785576,0.5807591370777964,0.5807591370777964,192,False,Madagascar,,25-05-2025,False,False,True,out,out_20251219T115521Z,no-language,p10,0.05
MOZ,['Portuguese'],34090466,19.8434,2023,,,,7.532632937862664,0.198434,True,,p10,0.05,4.815572229111593,4.815572229111593,0.3801218363708463,1.1,False,0.5681796966065108,0.6249976662671619,0.5681796966065108,0.5681796966065108,193,False,Mozambique,,25-05-2025,False,False,False,out,out_20251219T115521Z,no-language,p10,0.05
TKM,"['Russian', 'Turkmen']",7057841,21.251,2017,,,,6.84867187028912,0.21251,True,,p10,0.05,4.815572229111593,4.815572229111593,0.3801218363708463,0.5,False,0.5532336005048578,0.2766168002524289,0.5532336005048578,0.5532336005048578,194,False,Turkmenistan,,25-05-2025,False,False,True,out,out_20251219T115521Z,no-language,p10,0.05
SLE,['English'],9077691,20.635,2023,,,,6.957975395494418,0.20635,True,,p10,0.05,4.815572229111593,4.815572229111593,0.3801218363708463,1.5,False,0.5457706546949173,0.8186559820423759,0.5457706546949173,0.5457706546949173,195,False,Sierra Leone,,25-05-2025,False,False,False,out,out_20251219T115521Z,no-language,p10,0.05
AFG,"['Dari', 'Pashto', 'Turkmen']",43844000,17.7089,2023,,,,7.641910169077627,0.177089,True,,p10,0.05,4.815572229111593,4.815572229111593,0.3801218363708463,0.5,False,0.5144182083190869,0.25720910415954346,0.5144182083190869,0.5144182083190869,196,False,Afghanistan,,25-05-2025,False,False,False,out,out_20251219T115521Z,no-language,p10,0.05
ETH,['Amharic'],111652998,16.6981,2021,,,,8.047870388825965,0.166981,True,,p10,0.05,4.815572229111593,4.815572229111593,0.3801218363708463,0.5,False,0.5108234780153883,0.25541173900769415,0.5108234780153883,0.5108234780153883,197,False,Ethiopia,,25-05-2025,False,False,False,out,out_20251219T115521Z,no-language,p10,0.05
MWI,"['English', 'Chewa']",20734262,17.9881,2023,,,,7.316688582018264,0.17988099999999999,True,,p10,0.05,4.815572229111593,4.815572229111593,0.3801218363708463,1.5,False,0.5002909912521752,0.7504364868782629,0.5002909912521752,0.5002909912521752,198,False,Malawi,,25-05-2025,False,False,False,out,out_20251219T115521Z,no-language,p10,0.05
ERI,"['Arabic', 'English', 'Tigrinya']",3607000,20.0104,2023,,,,6.557146142318363,0.200104,True,,p10,0.05,4.815572229111593,4.815572229111593,0.3801218363708463,1.5,False,0.4987621080950422,0.7481431621425633,0.4987621080950422,0.4987621080950422,199,False,Eritrea,,25-05-2025,False,False,False,out,out_20251219T115521Z,no-language,p10,0.05
BFA,['French'],24070553,17.0226,2023,,,,7.381486067927281,0.17022600000000002,True,,p10,0.05,4.815572229111593,4.815572229111593,0.3801218363708463,1.1,False,0.47763101195155583,0.5253941131467115,0.47763101195155583,0.47763101195155583,200,False,Burkina Faso,,25-05-2025,False,False,False,out,out_20251219T115521Z,no-language,p10,0.05
PLW,"['English', 'Palauan']",16733,26.9703,2004,,,,4.223573811054687,0.269703,True,,p10,0.05,4.815572229111593,4.815572229111593,0.3801218363708463,1.5,False,0.43300078556656646,0.6495011783498497,0.43300078556656646,0.43300078556656646,201,False,Palau,,25-05-2025,False,False,True,out,out_20251219T115521Z,no-language,p10,0.05
YEM,['Arabic'],32684503,13.8152,2020,,,,7.514341885477597,0.138152,True,,p10,0.05,4.815572229111593,4.815572229111593,0.3801218363708463,0.5,False,0.39461259780077057,0.19730629890038529,0.39461259780077057,0.39461259780077057,202,False,Yemen,,25-05-2025,False,False,False,out,out_20251219T115521Z,no-language,p10,0.05
RUS,['Russian'],146028325,94.365,2024,2025 Q2 P,6000.0,2.0,8.164437103716473,0.94365,False,3.7782236267660965,p10,0.05,4.815572229111593,3.7782236267660965,0.05,0.5,False,0.3852185536461025,0.19260927682305126,0.3852185536461025,0.3852185536461025,203,False,Russian Federation,,25-05-2025,False,False,False,out,out_20251219T115521Z,no-language,p10,0.05
TCD,"['Arabic', 'French']",19340757,13.1832,2023,,,,7.286473468427895,0.131832,True,,p10,0.05,4.815572229111593,4.815572229111593,0.3801218363708463,1.1,False,0.3651413755547048,0.4016555131101753,0.3651413755547048,0.3651413755547048,204,False,Chad,,25-05-2025,False,False,False,out,out_20251219T115521Z,no-language,p10,0.05
BDI,"['French', 'Kirundi']",12332788,11.0784,2023,,,,7.0910612660640675,0.11078400000000001,True,,p10,0.05,4.815572229111593,4.815572229111593,0.3801218363708463,1.1,False,0.29861464163872486,0.3284761058025974,0.29861464163872486,0.29861464163872486,205,False,Burundi,,25-05-2025,False,False,False,out,out_20251219T115521Z,no-language,p10,0.05
UGA,"['English', 'Swahili']",45905417,8.94983,2024,,,,7.661863936831315,0.0894983,True,,p10,0.05,4.815572229111593,4.815572229111593,0.3801218363708463,1.5,False,0.26065858902638095,0.3909878835395714,0.26065858902638095,0.26065858902638095,206,False,Uganda,,25-05-2025,False,False,True,out,out_20251219T115521Z,no-language,p10,0.05
SSD,['English'],15786898,9.27123,2020,,,,7.198296802976665,0.0927123,True,,p10,0.05,4.815572229111593,4.815572229111593,0.3801218363708463,1.5,False,0.25368215803924576,0.38052323705886865,0.25368215803924576,0.25368215803924576,207,False,South Sudan,,25-05-2025,False,False,False,out,out_20251219T115521Z,no-language,p10,0.05
CAF,"['French', 'Sango']",6470307,7.50916,2019,,,,6.810924887352293,0.0750916,True,,p10,0.05,4.815572229111593,4.815572229111593,0.3801218363708463,1.1,False,0.19441074635216063,0.2138518209873767,0.19441074635216063,0.19441074635216063,208,False,Central African Republic,,25-05-2025,False,False,False,out,out_20251219T115521Z,no-language,p10,0.05
ASM,"['English', 'Samoan']",49710,0.0,1990,,,,4.6964437631389995,0.0,True,,p10,0.05,4.815572229111593,4.815572229111593,0.3801218363708463,1.5,False,0.0,0.0,0.0,0.0,209,False,American Samoa,,25-05-2025,False,False,False,out,out_20251219T115521Z,no-language,p10,0.05
JEY,"['English', 'French', 'Jèrriais']",103267,,,,,,5.013961560555626,,True,,p10,0.05,4.815572229111593,4.815572229111593,0.3801218363708463,1.5,False,0.0,0.0,0.0,0.0,210,False,Jersey,,25-05-2025,False,False,False,out,out_20251219T115521Z,no-language,p10,0.05
MSR,['English'],4386,,,,,,3.642068627341504,,True,,p10,0.05,4.815572229111593,4.815572229111593,0.3801218363708463,1.5,False,0.0,0.0,0.0,0.0,211,False,Montserrat,,25-05-2025,False,False,False,out,out_20251219T115521Z,no-language,p10,0.05
MNP,"['Carolinian', 'Chamorro', 'English']",47329,0.0,1990,,,,4.675127328489335,0.0,True,,p10,0.05,4.815572229111593,4.815572229111593,0.3801218363708463,1.5,False,0.0,0.0,0.0,0.0,212,False,Northern Mariana Islands,,25-05-2025,False,False,True,out,out_20251219T115521Z,no-language,p10,0.05
UMI,['English'],0,,,,,,,,True,,p10,0.05,4.815572229111593,4.815572229111593,0.3801218363708463,1.5,False,0.0,0.0,0.0,0.0,213,False,United States Minor Outlying Islands,,25-05-2025,False,False,False,out,out_20251219T115521Z,no-language,p10,0.05
ATF,['French'],400,,,,,,2.6020599913279625,,True,,p10,0.05,4.815572229111593,4.815572229111593,0.3801218363708463,1.1,False,0.0,0.0,0.0,0.0,214,False,French Southern Territories,,25-05-2025,False,False,False,out,out_20251219T115521Z,no-language,p10,0.05
ATA,[],1300,,,,,,3.113943352306837,,True,,p10,0.05,4.815572229111593,4.815572229111593,0.3801218363708463,0.5,False,0.0,0.0,0.0,0.0,215,False,Antarctica,,25-05-2025,False,False,False,out,out_20251219T115521Z,no-language,p10,0.05
IOT,['English'],0,,,,,,,,True,,p10,0.05,4.815572229111593,4.815572229111593,0.3801218363708463,1.5,False,0.0,0.0,0.0,0.0,216,False,British Indian Ocean Territory,,25-05-2025,False,False,False,out,out_20251219T115521Z,no-language,p10,0.05
IMN,"['English', 'Manx']",84530,,,,,,4.927010868975651,,True,,p10,0.05,4.815572229111593,4.815572229111593,0.3801218363708463,1.5,False,0.0,0.0,0.0,0.0,217,False,Isle of Man,,25-05-2025,False,False,False,out,out_20251219T115521Z,no-language,p10,0.05
MAF,['French'],31496,,,,,,4.498255401782173,,True,,p10,0.05,4.815572229111593,4.815572229111593,0.3801218363708463,1.1,False,0.0,0.0,0.0,0.0,218,False,Saint Martin (French part),,25-05-2025,False,False,False,out,out_20251219T115521Z,no-language,p10,0.05
VAT,"['Italian', 'Latin']",882,,,,,,2.94546858513182,,True,,p10,0.05,4.815572229111593,4.815572229111593,0.3801218363708463,1.1,False,0.0,0.0,0.0,0.0,219,False,Holy See (Vatican City State),,25-05-2025,False,False,False,out,out_20251219T115521Z,no-language,p10,0.05
WLF,['French'],11620,,,,,,4.065206128054312,,True,,p10,0.05,4.815572229111593,4.815572229111593,0.3801218363708463,1.1,False,0.0,0.0,0.0,0.0,220,False,Wallis and Futuna,,25-05-2025,False,False,False,out,out_20251219T115521Z,no-language,p10,0.05
GLP,['French'],378561,,,,,,5.578135870173925,,True,,p10,0.05,4.815572229111593,4.815572229111593,0.3801218363708463,1.1,False,0.0,0.0,0.0,0.0,221,False,Guadeloupe,,25-05-2025,False,False,False,out,out_20251219T115521Z,no-language,p10,0.05
ALA,['Swedish'],30654,,,,,,4.486487153065907,,True,,p10,0.05,4.815572229111593,4.815572229111593,0.3801218363708463,1.1,False,0.0,0.0,0.0,0.0,222,False,Åland Islands,,25-05-2025,False,False,False,out,out_20251219T115521Z,no-language,p10,0.05
TWN,['Chinese'],23317031,,,,,,7.3676732501004665,,True,,p10,0.05,4.815572229111593,4.815572229111593,0.3801218363708463,0.5,False,0.0,0.0,0.0,0.0,223,False,"Taiwan, Province of China",,25-05-2025,False,False,False,out,out_20251219T115521Z,no-language,p10,0.05
GUF,['French'],292354,,,,,,5.46590904024973,,True,,p10,0.05,4.815572229111593,4.815572229111593,0.3801218363708463,1.1,False,0.0,0.0,0.0,0.0,224,False,French Guiana,,25-05-2025,False,False,False,out,out_20251219T115521Z,no-language,p10,0.05
HMD,['English'],0,,,,,,,,True,,p10,0.05,4.815572229111593,4.815572229111593,0.3801218363708463,1.5,False,0.0,0.0,0.0,0.0,225,False,Heard Island and McDonald Islands,,25-05-2025,False,False,False,out,out_20251219T115521Z,no-language,p10,0.05
AIA,['English'],16010,,,,,,4.204391331919299,,True,,p10,0.05,4.815572229111593,4.815572229111593,0.3801218363708463,1.5,False,0.0,0.0,0.0,0.0,226,False,Anguilla,,25-05-2025,False,False,False,out,out_20251219T115521Z,no-language,p10,0.05
SHN,['English'],5651,,,,,,3.752125307297898,,True,,p10,0.05,4.815572229111593,4.815572229111593,0.3801218363708463,1.5,False,0.0,0.0,0.0,0.0,227,False,"Saint Helena, Ascension and Tristan da Cunha",,25-05-2025,False,False,False,out,out_20251219T115521Z,no-language,p10,0.05
GGY,"['English', 'French', 'Guernésiais']",64781,,,,,,4.811447647766932,,True,,p10,0.05,4.815572229111593,4.815572229111593,0.3801218363708463,1.5,False,0.0,0.0,0.0,0.0,228,False,Guernsey,,25-05-2025,False,False,False,out,out_20251219T115521Z,no-language,p10,0.05
MTQ,['French'],349925,,,,,,5.543974971274539,,True,,p10,0.05,4.815572229111593,4.815572229111593,0.3801218363708463,1.1,False,0.0,0.0,0.0,0.0,229,False,Martinique,,25-05-2025,False,False,False,out,out_20251219T115521Z,no-language,p10,0.05
BLM,['French'],10562,,,,,,4.023746163152476,,True,,p10,0.05,4.815572229111593,4.815572229111593,0.3801218363708463,1.1,False,0.0,0.0,0.0,0.0,230,False,Saint Barthélemy,,25-05-2025,False,False,False,out,out_20251219T115521Z,no-language,p10,0.05
SGS,['English'],0,,,,,,,,True,,p10,0.05,4.815572229111593,4.815572229111593,0.3801218363708463,1.5,False,0.0,0.0,0.0,0.0,231,False,South Georgia and the South Sandwich Islands,,25-05-2025,False,False,False,out,out_20251219T115521Z,no-language,p10,0.05
CCK,['English'],593,,,,,,2.7730546933642626,,True,,p10,0.05,4.815572229111593,4.815572229111593,0.3801218363708463,1.5,False,0.0,0.0,0.0,0.0,232,False,Cocos (Keeling) Islands,,25-05-2025,False,False,False,out,out_20251219T115521Z,no-language,p10,0.05
REU,['French'],896175,,,,,,5.9523928245206905,,True,,p10,0.05,4.815572229111593,4.815572229111593,0.3801218363708463,1.1,False,0.0,0.0,0.0,0.0,233,False,Réunion,,25-05-2025,False,False,False,out,out_20251219T115521Z,no-language,p10,0.05
PRK,['Korean'],25950000,0.0,2012,,,,7.414137362184476,0.0,True,,p10,0.05,4.815572229111593,4.815572229111593,0.3801218363708463,0.5,False,0.0,0.0,0.0,0.0,234,False,"Korea, Democratic People's Republic of",,25-05-2025,False,False,False,out,out_20251219T115521Z,no-language,p10,0.05
SPM,['French'],5819,,,,,,3.7648483571934106,,True,,p10,0.05,4.815572229111593,4.815572229111593,0.3801218363708463,1.1,False,0.0,0.0,0.0,0.0,235,False,Saint Pierre and Miquelon,,25-05-2025,False,False,False,out,out_20251219T115521Z,no-language,p10,0.05
CXR,['English'],1692,,,,,,3.228400358703005,,True,,p10,0.05,4.815572229111593,4.815572229111593,0.3801218363708463,1.5,False,0.0,0.0,0.0,0.0,236,False,Christmas Island,,25-05-2025,False,False,False,out,out_20251219T115521Z,no-language,p10,0.05
BVT,['Norwegian'],0,,,,,,,,True,,p10,0.05,4.815572229111593,4.815572229111593,0.3801218363708463,1.1,False,0.0,0.0,0.0,0.0,237,False,Bouvet Island,,25-05-2025,False,False,False,out,out_20251219T115521Z,no-language,p10,0.05
PCN,['English'],35,,,,,,1.5440680443502757,,True,,p10,0.05,4.815572229111593,4.815572229111593,0.3801218363708463,1.5,False,0.0,0.0,0.0,0.0,238,False,Pitcairn,,25-05-2025,False,False,False,out,out_20251219T115521Z,no-language,p10,0.05
SXM,"['English', 'French', 'Dutch']",41349,,,,,,4.616465010872037,,True,,p10,0.05,4.815572229111593,4.815572229111593,0.3801218363708463,1.5,False,0.0,0.0,0.0,0.0,239,False,Sint Maarten (Dutch part),,25-05-2025,False,False,False,out,out_20251219T115521Z,no-language,p10,0.05
BES,"['English', 'Dutch', 'Papiamento']",31980,,,,,,4.504878459410216,,True,,p10,0.05,4.815572229111593,4.815572229111593,0.3801218363708463,1.5,False,0.0,0.0,0.0,0.0,240,False,"Bonaire, Sint Eustatius and Saba",,25-05-2025,False,False,False,out,out_20251219T115521Z,no-language,p10,0.05
ESH,"['Berber', 'Hassaniya', 'Spanish']",600904,,,,,,5.778805094963722,,True,,p10,0.05,4.815572229111593,4.815572229111593,0.3801218363708463,1.1,False,0.0,0.0,0.0,0.0,241,False,Western Sahara,,25-05-2025,False,False,False,out,out_20251219T115521Z,no-language,p10,0.05
TCA,['English'],50828,0.0,1990,,,,4.706103021249971,0.0,True,,p10,0.05,4.815572229111593,4.815572229111593,0.3801218363708463,1.5,False,0.0,0.0,0.0,0.0,242,False,Turks and Caicos Islands,,25-05-2025,False,False,False,out,out_20251219T115521Z,no-language,p10,0.05
FLK,['English'],3662,,,,,,3.5637183399656776,,True,,p10,0.05,4.815572229111593,4.815572229111593,0.3801218363708463,1.5,False,0.0,0.0,0.0,0.0,243,False,Falkland Islands (Malvinas),,25-05-2025,False,False,False,out,out_20251219T115521Z,no-language,p10,0.05
NIU,"['English', 'Niuean']",1681,,,,,,3.225567713439471,,True,,p10,0.05,4.815572229111593,4.815572229111593,0.3801218363708463,1.5,False,0.0,0.0,0.0,0.0,244,False,Niue,,25-05-2025,False,False,False,out,out_20251219T115521Z,no-language,p10,0.05
TKL,"['English', 'Samoan', 'Tokelauan']",2608,,,,,,3.4163075870598827,,True,,p10,0.05,4.815572229111593,4.815572229111593,0.3801218363708463,1.5,False,0.0,0.0,0.0,0.0,245,False,Tokelau,,25-05-2025,False,False,False,out,out_20251219T115521Z,no-language,p10,0.05
NFK,"['English', 'Norfuk']",2188,,,,,,3.340047317661393,,True,,p10,0.05,4.815572229111593,4.815572229111593,0.3801218363708463,1.5,False,0.0,0.0,0.0,0.0,246,False,Norfolk Island,,25-05-2025,False,False,False,out,out_20251219T115521Z,no-language,p10,0.05
SJM,['Norwegian'],2530,,,,,,3.403120521175818,,True,,p10,0.05,4.815572229111593,4.815572229111593,0.3801218363708463,1.1,False,0.0,0.0,0.0,0.0,247,False,Svalbard and Jan Mayen,,25-05-2025,False,False,False,out,out_20251219T115521Z,no-language,p10,0.05
MYT,['French'],320901,,,,,,5.506371070457315,,True,,p10,0.05,4.815572229111593,4.815572229111593,0.3801218363708463,1.1,False,0.0,0.0,0.0,0.0,248,False,Mayotte,,25-05-2025,False,False,False,out,out_20251219T115521Z,no-language,p10,0.05
COK,"['English', 'Cook Islands Māori']",15040,,,,,,4.177247836255623,,True,,p10,0.05,4.815572229111593,4.815572229111593,0.3801218363708463,1.5,False,0.0,0.0,0.0,0.0,249,False,Cook Islands,,25-05-2025,False,False,False,out,out_20251219T115521Z,no-language,p10,0.05
