alpha_3,languages,population,internet_usage_pct,internet_usage_record_year,uk_visits_period,uk_visits_number,uk_spending_millions,pop_score,net_score,uk_score_raw,uk_score,language_factor,use_language_factor,total_score_base,total_score_with_language,total_score_no_language,total_score,model_rank,is_single_listen_candidate,country_name,predicted_single_listen_country,prediction_date,seen_in_listens,run_label,run_id,model_variant
GBR,['English'],69281437,96.2988,2023,,,,7.840616887015905,0.962988,,6.763427993562937,1.5,True,51.066721820676285,76.60008273101442,51.066721820676285,76.60008273101442,1,False,United Kingdom,,25-05-2025,False,with-lang,with-lang_20251219T111037Z,with-language
USA,['English'],340110988,93.1444,2023,2025 Q1 P,864000.0,1306.0,8.531620662955014,0.931444,5.936513742478893,5.936513742478893,1.5,True,47.17585331176332,70.76377996764498,47.17585331176332,70.76377996764498,2,False,United States,,25-05-2025,False,with-lang,with-lang_20251219T111037Z,with-language
AUS,['English'],27536874,97.0631,2023,2025 Q1 P,287000.0,519.0,7.439914637387663,0.970631,5.457881896733992,5.457881896733992,1.5,True,39.41361264695042,59.12041897042563,39.41361264695042,59.12041897042563,3,False,Australia,,25-05-2025,False,with-lang,with-lang_20251219T111037Z,with-language
MYS,"['English', 'Malay']",34231700,98.0206,2024,,,,7.534428467419687,0.980206,,5.334453751150931,1.5,True,39.39649856119057,59.09474784178585,39.39649856119057,59.09474784178585,4,False,Malaysia,,25-05-2025,False,with-lang,with-lang_20251219T111037Z,with-language
ESP,"['Spanish', 'Catalan', 'Basque', 'Galician']",49315949,95.7575,2024,2025 Q2 P,5800000.0,4528.0,7.692987394784945,0.957575,6.763427993562937,6.763427993562937,1.1,True,49.823552554737155,54.805907810210876,49.823552554737155,54.805907810210876,5,False,Spain,,25-05-2025,False,with-lang,with-lang_20251219T111037Z,with-language
CAN,"['English', 'French']",41651653,93.9564,2023,2025 Q2 P,121000.0,142.0,7.619632241625957,0.9395640000000001,5.08278537031645,5.08278537031645,1.5,True,36.38833214332805,54.58249821499207,36.38833214332805,54.58249821499207,6,False,Canada,,25-05-2025,False,with-lang,with-lang_20251219T111037Z,with-language
PHL,"['English', 'Filipino']",114123600,83.7661,2023,,,,8.057375462910338,0.837661,,5.334453751150931,1.5,True,36.004091091817344,54.006136637726016,36.004091091817344,54.006136637726016,7,False,Philippines,,25-05-2025,False,with-lang,with-lang_20251219T111037Z,with-language
HKG,"['English', 'Chinese']",7527500,95.9778,2023,,,,6.876650764184797,0.959778,,5.334453751150931,1.5,True,35.207704780833,52.8115571712495,35.207704780833,52.8115571712495,8,False,Hong Kong,,25-05-2025,False,with-lang,with-lang_20251219T111037Z,with-language
IRL,"['English', 'Irish']",5458600,96.4974,2023,,,,6.7370812708662235,0.964974,,5.334453751150931,1.5,True,34.67986135631978,52.01979203447968,34.67986135631978,52.01979203447968,9,False,Ireland,,25-05-2025,False,with-lang,with-lang_20251219T111037Z,with-language
SGP,"['English', 'Chinese', 'Malay', 'Tamil']",6110200,94.3776,2024,,,,6.786055425868549,0.9437760000000001,,5.334453751150931,1.5,True,34.16459571067208,51.246893566008126,34.16459571067208,51.246893566008126,10,False,Singapore,,25-05-2025,False,with-lang,with-lang_20251219T111037Z,with-language
DEU,['German'],83491249,93.5,2024,2025 Q2 P,956000.0,641.0,7.92164095799646,0.935,5.9804578922761005,5.9804578922761005,1.1,True,44.295662574870754,48.725228832357836,44.295662574870754,48.725228832357836,11,False,Germany,,25-05-2025,False,with-lang,with-lang_20251219T111037Z,with-language
FRA,['French'],66351959,88.6538,2024,2025 Q2 P,2404000.0,1695.0,7.821853749662105,0.886538,6.380934463330702,6.380934463330702,1.1,True,44.247764212352536,48.67254063358779,44.247764212352536,48.67254063358779,12,False,France,,25-05-2025,False,with-lang,with-lang_20251219T111037Z,with-language
ITA,"['Italian', 'Catalan']",58927633,89.2207,2024,2025 Q2 P,1665000.0,1356.0,7.7703189967427955,0.892207,6.221414237842339,6.221414237842339,1.1,True,43.131403800370336,47.44454418040738,43.131403800370336,47.44454418040738,13,False,Italy,,25-05-2025,False,with-lang,with-lang_20251219T111037Z,with-language
NZL,"['English', 'Māori', 'New Zealand Sign Language']",5324700,96.1638,2023,2025 Q1 P,65000.0,121.0,6.726295144126775,0.961638,4.812913356642856,4.812913356642856,1.5,True,31.131179808356084,46.69676971253413,31.131179808356084,46.69676971253413,14,False,New Zealand,,25-05-2025,False,with-lang,with-lang_20251219T111037Z,with-language
ZAF,"['Afrikaans', 'English', 'Southern Ndebele', 'Northern Sotho', 'Southern Sotho', 'Swazi', 'Tswana', 'Tsonga', 'Venda', 'Xhosa', 'Zulu']",63100945,75.6592,2023,2025 Q1 P,166000.0,223.0,7.800035863288702,0.7565919999999999,5.220108088040055,5.220108088040055,1.5,True,30.806179386434412,46.20926907965162,30.806179386434412,46.20926907965162,15,False,South Africa,,25-05-2025,False,with-lang,with-lang_20251219T111037Z,with-language
PRI,"['English', 'Spanish']",3203295,87.2918,2022,,,,6.505596935845423,0.872918,,5.334453751150931,1.5,True,30.29357690661356,45.440365359920335,30.29357690661356,45.440365359920335,16,False,Puerto Rico,,25-05-2025,False,with-lang,with-lang_20251219T111037Z,with-language
NLD,['Dutch'],18100436,97.0068,2023,2025 Q2 P,679000.0,437.0,7.257689036201425,0.9700679999999999,5.831869774280501,5.831869774280501,1.1,True,41.05899856272742,45.16489841900016,41.05899856272742,45.16489841900016,17,False,Netherlands,,25-05-2025,False,with-lang,with-lang_20251219T111037Z,with-language
IND,"['English', 'Hindi', 'Tamil']",1417492000,55.9,2022,2025 Q1 P,619000.0,602.0,9.151520616513332,0.5589999999999999,5.791690649020118,5.791690649020118,1.5,True,29.628551995847076,44.442827993770614,29.628551995847076,44.442827993770614,18,False,India,,25-05-2025,False,with-lang,with-lang_20251219T111037Z,with-language
POL,['Polish'],37392000,88.585,2024,2025 Q1 P,817000.0,265.0,7.572778695048152,0.8858499999999999,5.912222056532415,5.912222056532415,1.1,True,39.66123122548625,43.62735434803488,39.66123122548625,43.62735434803488,19,False,Poland,,25-05-2025,False,with-lang,with-lang_20251219T111037Z,with-language
CHE,"['French', 'Swiss German', 'Italian', 'Romansh']",9082848,97.3444,2023,2025 Q1 P,540000.0,560.0,6.958222046400911,0.973444,5.732393759822968,5.732393759822968,1.1,True,38.828022332293784,42.71082456552317,38.828022332293784,42.71082456552317,20,False,Switzerland,,25-05-2025,False,with-lang,with-lang_20251219T111037Z,with-language
JAM,"['English', 'Jamaican Patois']",2825544,89.473,2023,2025 Q2 P,83000.0,76.0,6.4511020746169,0.89473,4.919078092376074,4.919078092376074,1.5,True,28.39289198558273,42.58933797837409,28.39289198558273,42.58933797837409,21,False,Jamaica,,25-05-2025,False,with-lang,with-lang_20251219T111037Z,with-language
BHS,['English'],398165,94.8186,2023,,,,5.600063081470082,0.9481860000000001,,5.334453751150931,1.5,True,28.325423510642327,42.48813526596349,28.325423510642327,42.48813526596349,22,False,Bahamas,,25-05-2025,False,with-lang,with-lang_20251219T111037Z,with-language
GHA,['English'],33742380,69.9445,2023,,,,7.52817571205314,0.6994450000000001,,5.334453751150931,1.5,True,28.088805535172245,42.13320830275837,28.088805535172245,42.13320830275837,23,False,Ghana,,25-05-2025,False,with-lang,with-lang_20251219T111037Z,with-language
ROU,['Romanian'],19036031,91.2905,2024,2025 Q2 P,548000.0,249.0,7.279576403371833,0.912905,5.738780558484369,5.738780558484369,1.1,True,38.13742026419831,41.95116229061814,38.13742026419831,41.95116229061814,24,False,Romania,,25-05-2025,False,with-lang,with-lang_20251219T111037Z,with-language
TTO,['English'],1367764,84.6994,2023,,,,6.136011168773308,0.846994,,5.334453751150931,1.5,True,27.724034429915886,41.58605164487383,27.724034429915886,41.58605164487383,25,False,Trinidad and Tobago,,25-05-2025,False,with-lang,with-lang_20251219T111037Z,with-language
BWA,"['English', 'Tswana']",2359609,81.36,2023,,,,6.372840043982482,0.8136,,5.334453751150931,1.5,True,27.658836820988025,41.488255231482036,27.658836820988025,41.488255231482036,26,False,Botswana,,25-05-2025,False,with-lang,with-lang_20251219T111037Z,with-language
MLT,"['English', 'Maltese']",574250,92.0727,2023,2025 Q2 P,158000.0,153.0,5.759101003867063,0.920727,5.198657086954422,5.198657086954422,1.5,True,27.56619003121812,41.34928504682718,27.56619003121812,41.34928504682718,27,False,Malta,,25-05-2025,False,with-lang,with-lang_20251219T111037Z,with-language
PRT,['Portuguese'],10749635,88.487,2024,2025 Q2 P,1094000.0,774.0,7.0313937181886415,0.8848699999999999,6.039017321997412,6.039017321997412,1.1,True,37.573976836703565,41.33137452037393,37.573976836703565,41.33137452037393,28,False,Portugal,,25-05-2025,False,with-lang,with-lang_20251219T111037Z,with-language
BEL,"['German', 'French', 'Dutch']",11825551,95.7758,2024,2025 Q2 P,322000.0,172.0,7.072821385408543,0.957758,5.507855871695831,5.507855871695831,1.1,True,37.3104980320481,41.04154783525291,37.3104980320481,41.04154783525291,29,False,Belgium,,25-05-2025,False,with-lang,with-lang_20251219T111037Z,with-language
CHL,['Spanish'],20206953,94.4574,2023,,,,7.3055008313257455,0.944574,,5.334453751150931,1.1,True,36.81085763165863,40.491943394824496,36.81085763165863,40.491943394824496,30,False,Chile,,25-05-2025,False,with-lang,with-lang_20251219T111037Z,with-language
ARG,"['Guaraní', 'Spanish']",46735004,89.6672,2024,,,,7.6696422841965495,0.8966719999999999,,5.334453751150931,1.1,True,36.685857211994154,40.354442933193575,36.685857211994154,40.354442933193575,31,False,Argentina,,25-05-2025,False,with-lang,with-lang_20251219T111037Z,with-language
AUT,['German'],9200931,94.9197,2024,2025 Q1 P,326000.0,420.0,6.963831773835327,0.9491970000000001,5.513217600067939,5.513217600067939,1.1,True,36.44263422917097,40.08689765208807,36.44263422917097,40.08689765208807,32,False,Austria,,25-05-2025,False,with-lang,with-lang_20251219T111037Z,with-language
DNK,['Danish'],6011488,99.7692,2024,2025 Q2 P,216000.0,178.0,6.778981984515728,0.997692,5.334453751150931,5.334453751150931,1.1,True,36.07870359744204,39.68657395718625,36.07870359744204,39.68657395718625,33,False,Denmark,,25-05-2025,False,with-lang,with-lang_20251219T111037Z,with-language
HUN,['Hungarian'],9539502,93.779,2024,2025 Q2 P,269000.0,141.0,6.979525703394117,0.93779,5.429752280002408,5.429752280002408,1.1,True,35.53951728398028,39.093469012378314,35.53951728398028,39.093469012378314,34,False,Hungary,,25-05-2025,False,with-lang,with-lang_20251219T111037Z,with-language
MUS,"['English', 'French', 'Mauritian Creole']",1243741,79.5,2023,,,,6.094729951108975,0.795,,5.334453751150931,1.5,True,25.847083764706436,38.77062564705965,25.847083764706436,38.77062564705965,35,False,Mauritius,,25-05-2025,False,with-lang,with-lang_20251219T111037Z,with-language
MEX,['Spanish'],130575786,81.1832,2023,2025 Q2 P,207000.0,336.0,8.115862648749394,0.811832,5.315970345456917,5.315970345456917,1.1,True,35.025424217756886,38.52796663953258,35.025424217756886,38.52796663953258,36,False,Mexico,,25-05-2025,False,with-lang,with-lang_20251219T111037Z,with-language
GUY,['English'],772975,81.7221,2023,,,,5.888165447944686,0.817221,,5.334453751150931,1.5,True,25.669031137712544,38.50354670656881,25.669031137712544,38.50354670656881,37,False,Guyana,,25-05-2025,False,with-lang,with-lang_20251219T111037Z,with-language
SWE,['Swedish'],10605098,95.5293,2024,2025 Q2 P,150000.0,90.0,7.025514686116378,0.9552930000000001,5.176091259055681,5.176091259055681,1.1,True,34.73894828371252,38.212843112083775,34.73894828371252,38.212843112083775,38,False,Sweden,,25-05-2025,False,with-lang,with-lang_20251219T111037Z,with-language
BMU,['English'],64055,98.37,2017,,,,4.80655303552734,0.9837,,5.334453751150931,1.5,True,25.222397412085975,37.833596118128966,25.222397412085975,37.833596118128966,39,False,Bermuda,,25-05-2025,False,with-lang,with-lang_20251219T111037Z,with-language
FJI,"['English', 'Fijian', 'Fiji Hindi']",900869,79.3485,2023,,,,5.954661642573458,0.793485,,5.334453751150931,1.5,True,25.204945599457,37.8074183991855,25.204945599457,37.8074183991855,40,False,Fiji,,25-05-2025,True,with-lang,with-lang_20251219T111037Z,with-language
DOM,['Spanish'],10771504,91.0022,2024,,,,7.032276347058217,0.910022,,5.334453751150931,1.1,True,34.137976467976806,37.55177411477449,34.137976467976806,37.55177411477449,41,False,Dominican Republic,,25-05-2025,False,with-lang,with-lang_20251219T111037Z,with-language
BRA,['Portuguese'],213421037,84.4635,2024,2025 Q1 P,65000.0,115.0,8.329237225785352,0.8446349999999999,4.812913356642856,4.812913356642856,1.1,True,33.859640962522136,37.24560505877435,33.859640962522136,37.24560505877435,42,False,Brazil,,25-05-2025,False,with-lang,with-lang_20251219T111037Z,with-language
CZE,"['Czech', 'Slovak']",10882341,87.6878,2024,2025 Q1 P,246000.0,108.0,7.036722330474317,0.8768779999999999,5.390935107103379,5.390935107103379,1.1,True,33.26394028526541,36.590334313791956,33.26394028526541,36.590334313791956,43,False,Czechia,,25-05-2025,False,with-lang,with-lang_20251219T111037Z,with-language
PER,"['Aymara', 'Quechua', 'Spanish']",34350244,81.9571,2024,,,,7.535929826329404,0.8195709999999999,,5.334453751150931,1.1,True,32.946810857330945,36.24149194306404,32.946810857330945,36.24149194306404,44,False,Peru,,25-05-2025,False,with-lang,with-lang_20251219T111037Z,with-language
KIR,"['English', 'Gilbertese']",120740,88.0,2023,,,,5.081851171517454,0.88,,5.334453751150931,1.5,True,23.855832039328988,35.78374805899348,23.855832039328988,35.78374805899348,45,False,Kiribati,,25-05-2025,False,with-lang,with-lang_20251219T111037Z,with-language
SYC,"['Seychellois Creole', 'English', 'French']",122729,87.4009,2023,,,,5.088947195586477,0.8740089999999999,,5.334453751150931,1.5,True,23.726506842116336,35.589760263174504,23.726506842116336,35.589760263174504,46,False,Seychelles,,25-05-2025,False,with-lang,with-lang_20251219T111037Z,with-language
URY,['Spanish'],3499451,91.9911,2024,,,,6.543999916815401,0.919911,,5.334453751150931,1.1,True,32.11286484030787,35.324151324338665,32.11286484030787,35.324151324338665,47,False,Uruguay,,25-05-2025,False,with-lang,with-lang_20251219T111037Z,with-language
SRB,['Serbian'],6567783,87.6907,2024,,,,6.81741879522901,0.8769070000000001,,5.334453751150931,1.1,True,31.890656867645294,35.07972255440983,31.890656867645294,35.07972255440983,48,False,Serbia,,25-05-2025,False,with-lang,with-lang_20251219T111037Z,with-language
COL,['Spanish'],53057212,77.3369,2023,,,,7.724744425351789,0.773369,,5.334453751150931,1.1,True,31.868442111236998,35.0552863223607,31.868442111236998,35.0552863223607,49,False,Colombia,,25-05-2025,False,with-lang,with-lang_20251219T111037Z,with-language
GIB,['English'],38000,94.4445,2016,,,,4.57978359661681,0.9444450000000001,,5.334453751150931,1.5,True,23.07339937087681,34.610099056315214,23.07339937087681,34.610099056315214,50,False,Gibraltar,,25-05-2025,False,with-lang,with-lang_20251219T111037Z,with-language
FIN,"['Finnish', 'Swedish']",5650325,93.5139,2023,2025 Q2 P,86000.0,70.0,6.752073428641965,0.935139,4.9344984512435675,4.9344984512435675,1.1,True,31.157050859682847,34.272755945651134,31.157050859682847,34.272755945651134,51,False,Finland,,25-05-2025,False,with-lang,with-lang_20251219T111037Z,with-language
LVA,['Latvian'],1829000,92.7076,2024,,,,6.262213705476417,0.927076,,5.334453751150931,1.1,True,30.969427483288026,34.06637023161683,30.969427483288026,34.06637023161683,52,False,Latvia,,25-05-2025,False,with-lang,with-lang_20251219T111037Z,with-language
CRI,['Spanish'],5309625,85.3951,2023,,,,6.725063849484161,0.853951,,5.334453751150931,1.1,True,30.635101082571346,33.69861119082848,30.635101082571346,33.69861119082848,53,False,Costa Rica,,25-05-2025,False,with-lang,with-lang_20251219T111037Z,with-language
GUM,"['Chamorro', 'English', 'Spanish']",153836,80.5055,2017,,,,5.187057978975404,0.805055,,5.334453751150931,1.5,True,22.275969175822215,33.413953763733325,22.275969175822215,33.413953763733325,54,False,Guam,,25-05-2025,False,with-lang,with-lang_20251219T111037Z,with-language
NAM,"['Afrikaans', 'German', 'English', 'Herero', 'Khoekhoe', 'Kwangali', 'Lozi', 'Ndonga', 'Tswana']",3022401,64.4061,2023,,,,6.480352084269662,0.644061,,5.334453751150931,1.5,True,22.26463390160148,33.39695085240222,22.26463390160148,33.39695085240222,55,False,Namibia,,25-05-2025,False,with-lang,with-lang_20251219T111037Z,with-language
EST,['Estonian'],1369995,92.238,2024,,,,6.1367189821371575,0.92238,,5.334453751150931,1.1,True,30.195071890252795,33.214579079278074,30.195071890252795,33.214579079278074,56,False,Estonia,,25-05-2025,False,with-lang,with-lang_20251219T111037Z,with-language
SVK,['Slovak'],5413813,89.8251,2024,2025 Q1 P,97000.0,37.0,6.733503250608721,0.898251,4.986771734266245,4.986771734266245,1.1,True,30.16187061645182,33.178057678097005,30.16187061645182,33.178057678097005,57,False,Slovakia,,25-05-2025,False,with-lang,with-lang_20251219T111037Z,with-language
LBN,"['Arabic', 'French']",5490000,83.4933,2023,,,,6.739572344450092,0.834933,,5.334453751150931,1.1,True,30.017458593516807,33.01920445286849,30.017458593516807,33.01920445286849,58,False,Lebanon,,25-05-2025,False,with-lang,with-lang_20251219T111037Z,with-language
BIH,"['Bosnian', 'Croatian', 'Serbian']",3422000,86.1009,2024,,,,6.534280005205082,0.8610089999999999,,5.334453751150931,1.1,True,30.01203098277482,33.0132340810523,30.01203098277482,33.0132340810523,59,False,Bosnia and Herzegovina,,25-05-2025,False,with-lang,with-lang_20251219T111037Z,with-language
ECU,['Spanish'],18103660,77.1727,2024,,,,7.257766384654669,0.771727,,5.334453751150931,1.1,True,29.87835162942328,32.86618679236561,29.87835162942328,32.86618679236561,60,False,Ecuador,,25-05-2025,False,with-lang,with-lang_20251219T111037Z,with-language
ISL,['Icelandic'],391810,99.8301,2023,,,,5.593075516113534,0.998301,,5.334453751150931,1.1,True,29.78531129887035,32.763842428757386,29.78531129887035,32.763842428757386,61,False,Iceland,,25-05-2025,False,with-lang,with-lang_20251219T111037Z,with-language
LTU,['Lithuanian'],2894886,88.5029,2023,2025 Q1 P,161000.0,63.0,6.461631465975109,0.885029,5.20682587603185,5.20682587603185,1.1,True,29.77643777091005,32.75408154800106,29.77643777091005,32.75408154800106,62,False,Lithuania,,25-05-2025,False,with-lang,with-lang_20251219T111037Z,with-language
BLZ,"['Belizean Creole', 'English', 'Spanish']",417634,72.3595,2023,,,,5.620795847779911,0.723595,,5.334453751150931,1.5,True,21.696182388546294,32.54427358281944,21.696182388546294,32.54427358281944,63,False,Belize,,25-05-2025,False,with-lang,with-lang_20251219T111037Z,with-language
PRY,"['Guaraní', 'Spanish']",6109644,81.5781,2024,,,,6.786015905276943,0.8157810000000001,,5.334453751150931,1.1,True,29.53101767736769,32.48411944510446,29.53101767736769,32.48411944510446,64,False,Paraguay,,25-05-2025,False,with-lang,with-lang_20251219T111037Z,with-language
DMA,['English'],67408,83.8255,2023,,,,4.828711441782772,0.8382550000000001,,5.334453751150931,1.5,True,21.59222315705616,32.38833473558424,21.59222315705616,32.38833473558424,65,False,Dominica,,25-05-2025,False,with-lang,with-lang_20251219T111037Z,with-language
HRV,['Croatian'],3866233,83.6324,2024,,,,6.587288023403108,0.8363240000000001,,5.334453751150931,1.1,True,29.38807686910346,32.32688455601381,29.38807686910346,32.32688455601381,66,False,Croatia,,25-05-2025,False,with-lang,with-lang_20251219T111037Z,with-language
CYM,['English'],84738,81.0677,2017,,,,4.928078209497234,0.810677,,5.334453751150931,1.5,True,21.311567671182072,31.967351506773106,21.311567671182072,31.967351506773106,67,False,Cayman Islands,,25-05-2025,False,with-lang,with-lang_20251219T111037Z,with-language
BRB,['English'],267800,79.9923,2023,2025 Q1 P,66000.0,166.0,5.42781057267599,0.799923,4.819543935541868,4.819543935541868,1.5,True,20.925642936040763,31.388464404061146,20.925642936040763,31.388464404061146,68,False,Barbados,,25-05-2025,False,with-lang,with-lang_20251219T111037Z,with-language
ATG,['English'],103603,77.5756,2023,,,,5.015372331322167,0.7757559999999999,,5.334453751150931,1.5,True,20.75478683277625,31.132180249164378,20.75478683277625,31.132180249164378,69,False,Antigua and Barbuda,,25-05-2025,False,with-lang,with-lang_20251219T111037Z,with-language
ALB,['Albanian'],2363314,83.1356,2023,,,,6.373521427687243,0.831356,,5.334453751150931,1.1,True,28.265484879183134,31.09203336710145,28.265484879183134,31.09203336710145,70,False,Albania,,25-05-2025,False,with-lang,with-lang_20251219T111037Z,with-language
VCT,['English'],110872,75.9927,2023,,,,5.044821881759084,0.759927,,5.334453751150931,1.5,True,20.450675918451108,30.67601387767666,20.450675918451108,30.67601387767666,71,False,Saint Vincent and the Grenadines,,25-05-2025,False,with-lang,with-lang_20251219T111037Z,with-language
MAC,"['Portuguese', 'Chinese']",685900,89.1806,2023,,,,5.836260802858487,0.891806,,5.334453751150931,1.1,True,27.764831039506703,30.541314143457374,27.764831039506703,30.541314143457374,72,False,Macao,,25-05-2025,False,with-lang,with-lang_20251219T111037Z,with-language
MDA,['Romanian'],2749076,80.2126,2023,,,,6.439186746363795,0.8021259999999999,,5.334453751150931,1.1,True,27.552662245118945,30.30792846963084,27.552662245118945,30.30792846963084,73,False,"Moldova, Republic of",,25-05-2025,False,with-lang,with-lang_20251219T111037Z,with-language
MNE,['Montenegrin'],623327,88.8826,2024,,,,5.7947159391766885,0.888826,,5.334453751150931,1.1,True,27.475073048684035,30.22258035355244,27.475073048684035,30.22258035355244,74,False,Montenegro,,25-05-2025,False,with-lang,with-lang_20251219T111037Z,with-language
GRD,['English'],109021,74.1201,2023,,,,5.037510161295513,0.7412009999999999,,5.334453751150931,1.5,True,19.91782379286063,29.876735689290946,19.91782379286063,29.876735689290946,75,False,Grenada,,25-05-2025,False,with-lang,with-lang_20251219T111037Z,with-language
LCA,['English'],184100,70.0834,2023,,,,5.265053788504015,0.700834,,5.334453751150931,1.5,True,19.68375403153503,29.525631047302547,19.68375403153503,29.525631047302547,76,False,Saint Lucia,,25-05-2025,False,with-lang,with-lang_20251219T111037Z,with-language
CUB,['Spanish'],9748007,71.275,2023,,,,6.988915832377714,0.7127500000000001,,5.334453751150931,1.1,True,26.572779910504742,29.23005790155522,26.572779910504742,29.23005790155522,77,False,Cuba,,25-05-2025,False,with-lang,with-lang_20251219T111037Z,with-language
BOL,"['Aymara', 'Guaraní', 'Quechua', 'Spanish']",11365333,70.2368,2023,,,,7.055582164913061,0.702368,,5.334453751150931,1.1,True,26.435499740856798,29.07904971494248,26.435499740856798,29.07904971494248,78,False,"Bolivia, Plurinational State of",,25-05-2025,False,with-lang,with-lang_20251219T111037Z,with-language
KNA,['English'],51320,76.4208,2023,,,,4.710286647702891,0.764208,,5.334453751150931,1.5,True,19.202106371207392,28.80315955681109,19.202106371207392,28.80315955681109,79,False,Saint Kitts and Nevis,,25-05-2025,False,with-lang,with-lang_20251219T111037Z,with-language
LUX,"['German', 'French', 'Luxembourgish']",681973,98.7606,2024,2025 Q2 P,34000.0,21.0,5.8337671808395735,0.987606,4.531478917042255,4.531478917042255,1.1,True,26.10795024742783,28.718745272170615,26.10795024742783,28.718745272170615,80,False,Luxembourg,,25-05-2025,False,with-lang,with-lang_20251219T111037Z,with-language
ABW,"['Dutch', 'Papiamento']",107566,97.17,2017,,,,5.031675019046017,0.9717,,5.334453751150931,1.1,True,26.081630653580653,28.68979371893872,26.081630653580653,28.68979371893872,81,False,Aruba,,25-05-2025,False,with-lang,with-lang_20251219T111037Z,with-language
VGB,['English'],39471,77.7043,2017,,,,4.596278129409967,0.777043,,5.334453751150931,1.5,True,19.052032226733292,28.57804834009994,19.052032226733292,28.57804834009994,82,False,"Virgin Islands, British",,25-05-2025,False,with-lang,with-lang_20251219T111037Z,with-language
CUW,"['English', 'Dutch', 'Papiamento']",156115,68.1272,2017,,,,5.193444633390771,0.681272,,5.334453751150931,1.5,True,18.87408907001254,28.31113360501881,18.87408907001254,28.31113360501881,83,False,Curaçao,,25-05-2025,False,with-lang,with-lang_20251219T111037Z,with-language
SWZ,"['English', 'Swazi']",1235549,57.62,2023,,,,6.09185997354031,0.5761999999999999,,5.334453751150931,1.5,True,18.724624634564336,28.086936951846504,18.724624634564336,28.086936951846504,84,False,Eswatini,,25-05-2025,False,with-lang,with-lang_20251219T111037Z,with-language
AND,['Catalan'],88406,95.4456,2023,,,,4.946481741013802,0.954456,,5.334453751150931,1.1,True,25.18501865755026,27.703520523305286,25.18501865755026,27.703520523305286,85,False,Andorra,,25-05-2025,False,with-lang,with-lang_20251219T111037Z,with-language
FRO,"['Danish', 'Faroese']",54885,97.582,2017,,,,4.739453668542288,0.9758199999999999,,5.334453751150931,1.1,True,24.67106805559587,27.13817486115546,24.67106805559587,27.13817486115546,86,False,Faroe Islands,,25-05-2025,True,with-lang,with-lang_20251219T111037Z,with-language
GAB,['French'],2469296,71.9256,2023,,,,6.392573152897294,0.719256,,5.334453751150931,1.1,True,24.527266742124162,26.97999341633658,24.527266742124162,26.97999341633658,87,False,Gabon,,25-05-2025,True,with-lang,with-lang_20251219T111037Z,with-language
VEN,['Spanish'],28517000,61.6,2017,,,,7.455103835626699,0.616,,5.334453751150931,1.1,True,24.497646478645976,26.947411126510577,24.497646478645976,26.947411126510577,88,False,"Venezuela, Bolivarian Republic of",,25-05-2025,False,with-lang,with-lang_20251219T111037Z,with-language
SLV,['Spanish'],6029976,67.6558,2023,,,,6.78031558360146,0.676558,,5.334453751150931,1.1,True,24.470615669860234,26.91767723684626,24.470615669860234,26.91767723684626,89,False,El Salvador,,25-05-2025,False,with-lang,with-lang_20251219T111037Z,with-language
MCO,['French'],38423,99.1497,2023,,,,4.584591270795872,0.991497,,5.334453751150931,1.1,True,24.248338267253622,26.673172093978987,24.248338267253622,26.673172093978987,90,True,Monaco,Monaco,25-05-2025,False,with-lang,with-lang_20251219T111037Z,with-language
SUR,['Dutch'],616500,78.3958,2023,,,,5.789933080931751,0.7839579999999999,,5.334453751150931,1.1,True,24.213428892641378,26.634771781905517,24.213428892641378,26.634771781905517,91,True,Suriname,Suriname,25-05-2025,False,with-lang,with-lang_20251219T111037Z,with-language
PAN,['Spanish'],4064780,68.5485,2023,,,,6.60903704504163,0.685485,,5.334453751150931,1.1,True,24.167186649837546,26.583905314821305,24.167186649837546,26.583905314821305,92,True,Panama,Panama,25-05-2025,False,with-lang,with-lang_20251219T111037Z,with-language
NRU,"['English', 'Nauru']",11680,81.6554,2020,,,,4.067442842776381,0.816554,,5.334453751150931,1.5,True,17.717250418370778,26.575875627556165,17.717250418370778,26.575875627556165,93,True,Nauru,Nauru,25-05-2025,False,with-lang,with-lang_20251219T111037Z,with-language
LIE,['German'],40900,97.3444,2023,,,,4.611723308007342,0.973444,,5.334453751150931,1.1,True,23.947719887745507,26.34249187652006,23.947719887745507,26.34249187652006,94,True,Liechtenstein,Liechtenstein,25-05-2025,False,with-lang,with-lang_20251219T111037Z,with-language
NCL,['French'],264596,82.0058,2017,,,,5.422583274503567,0.820058,,5.334453751150931,1.1,True,23.72142388361715,26.093566271978865,23.72142388361715,26.093566271978865,95,True,New Caledonia,New Caledonia,25-05-2025,False,with-lang,with-lang_20251219T111037Z,with-language
SEN,['French'],18593258,60.6122,2023,,,,7.26935549560564,0.606122,,5.334453751150931,1.1,True,23.504223580306206,25.85464593833683,23.504223580306206,25.85464593833683,96,False,Senegal,,25-05-2025,False,with-lang,with-lang_20251219T111037Z,with-language
VIR,['English'],87146,64.3775,2017,,,,4.940247457793744,0.643775,,5.334453751150931,1.5,True,16.965738356993906,25.448607535490858,16.965738356993906,25.448607535490858,97,False,"Virgin Islands, U.S.",,25-05-2025,False,with-lang,with-lang_20251219T111037Z,with-language
CMR,"['English', 'French']",29442327,41.9088,2023,,,,7.468972131865236,0.419088,,5.334453751150931,1.5,True,16.69767557814718,25.04651336722077,16.69767557814718,25.04651336722077,98,False,Cameroon,,25-05-2025,False,with-lang,with-lang_20251219T111037Z,with-language
WSM,"['English', 'Samoan']",205557,58.1386,2023,,,,5.312932270752029,0.581386,,5.334453751150931,1.5,True,16.47740450496103,24.716106757441544,16.47740450496103,24.716106757441544,99,False,Samoa,,25-05-2025,False,with-lang,with-lang_20251219T111037Z,with-language
CPV,['Portuguese'],491233,73.539,2023,,,,5.6912875341031945,0.73539,,5.334453751150931,1.1,True,22.326374314306577,24.559011745737237,22.326374314306577,24.559011745737237,100,False,Cabo Verde,,25-05-2025,False,with-lang,with-lang_20251219T111037Z,with-language
MHL,"['English', 'Marshallese']",42418,65.7177,2023,,,,4.627550187767521,0.6571769999999999,,5.334453751150931,1.5,True,16.222711589843623,24.334067384765433,16.222711589843623,24.334067384765433,101,False,Marshall Islands,,25-05-2025,False,with-lang,with-lang_20251219T111037Z,with-language
LSO,"['English', 'Sotho']",2116427,47.991,2023,,,,6.325603293342072,0.47991,,5.334453751150931,1.5,True,16.19390941646194,24.29086412469291,16.19390941646194,24.29086412469291,102,False,Lesotho,,25-05-2025,False,with-lang,with-lang_20251219T111037Z,with-language
TUV,"['English', 'Tuvaluan']",10643,74.3146,2023,,,,4.027064062151045,0.743146,,5.334453751150931,1.5,True,15.964401334703693,23.94660200205554,15.964401334703693,23.94660200205554,103,False,Tuvalu,,25-05-2025,False,with-lang,with-lang_20251219T111037Z,with-language
HND,['Spanish'],9892632,58.2789,2023,,,,6.995311853882634,0.582789,,5.334453751150931,1.1,True,21.747451975783786,23.922197173362168,21.747451975783786,23.922197173362168,104,False,Honduras,,25-05-2025,False,with-lang,with-lang_20251219T111037Z,with-language
GTM,['Spanish'],18079810,56.0535,2023,,,,7.25719386217999,0.560535,,5.334453751150931,1.1,True,21.70008395501011,23.870092350511126,21.70008395501011,23.870092350511126,105,False,Guatemala,,25-05-2025,False,with-lang,with-lang_20251219T111037Z,with-language
NGA,['English'],223800000,39.2136,2023,2025 Q2 P,68000.0,57.0,8.34986008219233,0.392136,4.832508912706237,4.832508912706237,1.5,True,15.82299082584575,23.734486238768625,15.82299082584575,23.734486238768625,106,False,Nigeria,,25-05-2025,False,with-lang,with-lang_20251219T111037Z,with-language
GMB,['English'],2422712,45.9137,2023,,,,6.384301790429396,0.45913699999999996,,5.334453751150931,1.5,True,15.636719825686901,23.45507973853035,15.636719825686901,23.45507973853035,107,False,Gambia,,25-05-2025,False,with-lang,with-lang_20251219T111037Z,with-language
TON,"['English', 'Tongan']",100179,58.5334,2023,,,,5.0007766921902945,0.585334,,5.334453751150931,1.5,True,15.614610932431521,23.421916398647284,15.614610932431521,23.421916398647284,108,False,Tonga,,25-05-2025,False,with-lang,with-lang_20251219T111037Z,with-language
NIC,['Spanish'],6803886,58.2314,2023,,,,6.832757028340634,0.582314,,5.334453751150931,1.1,True,21.224778336108333,23.347256169719167,21.224778336108333,23.347256169719167,109,False,Nicaragua,,25-05-2025,False,with-lang,with-lang_20251219T111037Z,with-language
PYF,['French'],279500,72.7039,2017,,,,5.446381812222442,0.727039,,5.334453751150931,1.1,True,21.123007148277868,23.235307863105657,21.123007148277868,23.235307863105657,110,False,French Polynesia,,25-05-2025,False,with-lang,with-lang_20251219T111037Z,with-language
SMR,['Italian'],34132,87.0278,2023,,,,4.533161736960601,0.870278,,5.334453751150931,1.1,True,21.04501179987769,23.149512979865463,21.04501179987769,23.149512979865463,111,False,San Marino,,25-05-2025,True,with-lang,with-lang_20251219T111037Z,with-language
DJI,"['Arabic', 'French']",1066809,65.0248,2023,,,,6.028086670904087,0.6502479999999999,,5.334453751150931,1.1,True,20.909732034303058,23.000705237733367,20.909732034303058,23.000705237733367,112,False,Djibouti,,25-05-2025,False,with-lang,with-lang_20251219T111037Z,with-language
CHN,['Chinese'],1408280000,92.0,2024,,,,9.14868901159969,0.92,,5.334453751150931,0.5,True,44.89899774275796,22.44949887137898,44.89899774275796,22.44949887137898,113,False,China,,25-05-2025,False,with-lang,with-lang_20251219T111037Z,with-language
ZWE,"['Chibarwe', 'English', 'Kalanga', 'Khoisan', 'Ndau', 'Northern Ndebele', 'Chewa', 'Shona', 'Sotho', 'Tonga', 'Tswana', 'Tsonga', 'Venda', 'Xhosa', 'Zimbabwean Sign Language']",17073087,38.4266,2023,,,,7.232312053385075,0.384266,,5.334453751150931,1.5,True,14.825149113954128,22.237723670931192,14.825149113954128,22.237723670931192,114,False,Zimbabwe,,25-05-2025,False,with-lang,with-lang_20251219T111037Z,with-language
GNQ,"['French', 'Portuguese', 'Spanish']",1668768,60.3661,2023,,,,6.222395963208134,0.603661,,5.334453751150931,1.1,True,20.03736997089543,22.041106967984973,20.03736997089543,22.041106967984973,115,False,Equatorial Guinea,,25-05-2025,False,with-lang,with-lang_20251219T111037Z,with-language
KEN,"['English', 'Swahili']",53330978,34.9762,2024,,,,7.726979547982685,0.34976199999999996,,5.334453751150931,1.5,True,14.41691508900268,21.62537263350402,14.41691508900268,21.62537263350402,116,False,Kenya,,25-05-2025,False,with-lang,with-lang_20251219T111037Z,with-language
VUT,"['Bislama', 'English', 'French']",321409,45.7313,2023,,,,5.507058033583555,0.45731299999999997,,5.334453751150931,1.5,True,13.434550944788962,20.151826417183443,13.434550944788962,20.151826417183443,117,False,Vanuatu,,25-05-2025,False,with-lang,with-lang_20251219T111037Z,with-language
SAU,['Arabic'],35300280,100.0,2024,,,,7.547778150202912,1.0,,5.334453751150931,0.5,True,40.26327346620496,20.13163673310248,40.26327346620496,20.13163673310248,118,False,Saudi Arabia,,25-05-2025,False,with-lang,with-lang_20251219T111037Z,with-language
KOR,['Korean'],51159889,97.8956,2024,,,,7.708929593532578,0.978956,,5.334453751150931,0.5,True,40.25753748259009,20.128768741295044,40.25753748259009,20.128768741295044,119,False,"Korea, Republic of",,25-05-2025,False,with-lang,with-lang_20251219T111037Z,with-language
SLB,['English'],750325,42.4597,2023,,,,5.875249416903541,0.424597,,5.334453751150931,1.5,True,13.307399151397822,19.961098727096733,13.307399151397822,19.961098727096733,120,False,Solomon Islands,,25-05-2025,False,with-lang,with-lang_20251219T111037Z,with-language
AGO,['Portuguese'],36170961,44.7581,2023,,,,7.558360047369661,0.447581,,5.334453751150931,1.1,True,18.04634154048077,19.85097569452885,18.04634154048077,19.85097569452885,121,False,Angola,,25-05-2025,False,with-lang,with-lang_20251219T111037Z,with-language
ARE,['Arabic'],11294243,100.0,2024,2025 Q1 P,371000.0,540.0,7.052857127514885,1.0,5.569373909615046,5.569373909615046,0.5,True,39.27999847422392,19.63999923711196,39.27999847422392,19.63999923711196,122,False,United Arab Emirates,,25-05-2025,False,with-lang,with-lang_20251219T111037Z,with-language
RWA,"['English', 'French', 'Kinyarwanda']",14104969,34.2005,2023,,,,7.14937213599697,0.342005,,5.334453751150931,1.5,True,13.043384983136145,19.565077474704218,13.043384983136145,19.565077474704218,123,False,Rwanda,,25-05-2025,False,with-lang,with-lang_20251219T111037Z,with-language
ZMB,['English'],19693423,33.0,2023,,,,7.294321209322918,0.33,,5.334453751150931,1.5,True,12.840702315266903,19.261053472900354,12.840702315266903,19.261053472900354,124,False,Zambia,,25-05-2025,False,with-lang,with-lang_20251219T111037Z,with-language
THA,['Thai'],65859640,90.8672,2024,2025 Q1 P,255000.0,461.0,7.818619352454832,0.9086719999999999,5.4065401804339555,5.4065401804339555,0.5,True,38.41109172233356,19.20554586116678,38.41109172233356,19.20554586116678,125,False,Thailand,,25-05-2025,False,with-lang,with-lang_20251219T111037Z,with-language
STP,['Portuguese'],209607,61.4607,2023,,,,5.321405782179103,0.614607,,5.334453751150931,1.1,True,17.446721707563864,19.191393878320252,17.446721707563864,19.191393878320252,126,False,Sao Tome and Principe,,25-05-2025,False,with-lang,with-lang_20251219T111037Z,with-language
MAR,"['Arabic', 'Berber']",36828330,91.0,2023,2025 Q1 P,284000.0,213.0,7.566182025989628,0.91,5.453318340047038,5.453318340047038,0.5,True,37.54732727788178,18.77366363894089,37.54732727788178,18.77366363894089,127,False,Morocco,,25-05-2025,False,with-lang,with-lang_20251219T111037Z,with-language
GRC,['Greek'],10400720,86.2697,2024,2025 Q2 P,1580000.0,1670.0,7.017063404799118,0.862697,6.198657086954422,6.198657086954422,0.5,True,37.52418774060002,18.76209387030001,37.52418774060002,18.76209387030001,128,False,Greece,,25-05-2025,False,with-lang,with-lang_20251219T111037Z,with-language
TUR,['Turkish'],85664944,87.3079,2024,,,,7.932803135318054,0.873079,,5.334453751150931,0.5,True,36.94623372570612,18.47311686285306,36.94623372570612,18.47311686285306,129,False,Türkiye,,25-05-2025,False,with-lang,with-lang_20251219T111037Z,with-language
TZA,"['English', 'Swahili']",68153004,29.0638,2023,,,,7.833485003118178,0.290638,,5.334453751150931,1.5,True,12.144995741132956,18.21749361169943,12.144995741132956,18.21749361169943,130,False,"Tanzania, United Republic of",,25-05-2025,False,with-lang,with-lang_20251219T111037Z,with-language
KAZ,"['Kazakh', 'Russian']",20426568,93.3917,2024,,,,7.310195404132739,0.933917,,5.334453751150931,0.5,True,36.41893328209601,18.209466641048007,36.41893328209601,18.209466641048007,131,False,Kazakhstan,,25-05-2025,False,with-lang,with-lang_20251219T111037Z,with-language
JPN,['Japanese'],123210000,86.9815,2023,2025 Q2 P,142000.0,308.0,8.090645957573315,0.869815,5.152288344383057,5.152288344383057,0.5,True,36.25853476512919,18.129267382564596,36.25853476512919,18.129267382564596,132,False,Japan,,25-05-2025,False,with-lang,with-lang_20251219T111037Z,with-language
PAK,"['English', 'Urdu']",241499431,27.3759,2023,2025 Q1 P,171000.0,141.0,8.38291611184177,0.27375900000000003,5.232996110392154,5.232996110392154,1.5,True,12.009196137576117,18.013794206364174,12.009196137576117,18.013794206364174,133,False,Pakistan,,25-05-2025,False,with-lang,with-lang_20251219T111037Z,with-language
UZB,"['Russian', 'Uzbek']",37859698,89.0136,2023,,,,7.578177145352642,0.8901359999999999,,5.334453751150931,0.5,True,35.98413545415025,17.992067727075124,35.98413545415025,17.992067727075124,134,False,Uzbekistan,,25-05-2025,False,with-lang,with-lang_20251219T111037Z,with-language
VNM,['Vietnamese'],101343800,84.15,2024,,,,8.005797184621029,0.8415,,5.334453751150931,0.5,True,35.93756588309606,17.96878294154803,35.93756588309606,17.96878294154803,135,False,Viet Nam,,25-05-2025,False,with-lang,with-lang_20251219T111037Z,with-language
CIV,['French'],31719275,40.6528,2023,,,,7.501323252192296,0.406528,,5.334453751150931,1.1,True,16.267405720184215,17.894146292202638,16.267405720184215,17.894146292202638,136,False,Côte d'Ivoire,,25-05-2025,False,with-lang,with-lang_20251219T111037Z,with-language
KWT,['Arabic'],4881254,99.7473,2023,,,,6.688531407109154,0.9974729999999999,,5.334453751150931,0.5,True,35.58949894984911,17.794749474924554,35.58949894984911,17.794749474924554,137,False,Kuwait,,25-05-2025,False,with-lang,with-lang_20251219T111037Z,with-language
NOR,"['Norwegian Nynorsk', 'Norwegian Bokmål', 'Sami']",5606944,99.0,2023,2025 Q1 P,174000.0,168.0,6.7487262185539185,0.99,5.2405492482825995,5.2405492482825995,0.5,True,35.01336179039273,17.506680895196364,35.01336179039273,17.506680895196364,138,False,Norway,,25-05-2025,False,with-lang,with-lang_20251219T111037Z,with-language
BLR,"['Belarusian', 'Russian']",9109280,94.2618,2024,,,,6.959484051574066,0.942618,,5.334453751150931,0.5,True,34.994736426612164,17.497368213306082,34.994736426612164,17.497368213306082,139,False,Belarus,,25-05-2025,False,with-lang,with-lang_20251219T111037Z,with-language
JOR,['Arabic'],11734000,92.5344,2023,,,,7.069446083880313,0.925344,,5.334453751150931,0.5,True,34.89623349397516,17.44811674698758,34.89623349397516,17.44811674698758,140,False,Jordan,,25-05-2025,False,with-lang,with-lang_20251219T111037Z,with-language
QAT,['Arabic'],3173024,99.6528,2023,,,,6.501473357013159,0.996528,,5.334453751150931,0.5,True,34.561393696696285,17.280696848348143,34.561393696696285,17.280696848348143,141,False,Qatar,,25-05-2025,False,with-lang,with-lang_20251219T111037Z,with-language
OMN,['Arabic'],5343630,95.2517,2024,,,,6.727836379384905,0.952517,,5.334453751150931,0.5,True,34.18519885925456,17.09259942962728,34.18519885925456,17.09259942962728,142,False,Oman,,25-05-2025,False,with-lang,with-lang_20251219T111037Z,with-language
IRN,['Persian (Farsi)'],85961000,79.6309,2023,,,,7.934301459075755,0.7963089999999999,,5.334453751150931,0.5,True,33.703909163910616,16.851954581955308,33.703909163910616,16.851954581955308,143,False,"Iran, Islamic Republic of",,25-05-2025,False,with-lang,with-lang_20251219T111037Z,with-language
IRQ,"['Arabic', 'Aramaic', 'Sorani']",46118793,81.7291,2023,,,,7.663877932614442,0.817291,,5.334453751150931,0.5,True,33.412982986654654,16.706491493327327,33.412982986654654,16.706491493327327,144,False,Iraq,,25-05-2025,False,with-lang,with-lang_20251219T111037Z,with-language
AZE,['Azerbaijani'],10241722,89.0,2023,,,,7.010372983224158,0.89,,5.334453751150931,0.5,True,33.28289430702125,16.641447153510626,33.28289430702125,16.641447153510626,145,False,Azerbaijan,,25-05-2025,False,with-lang,with-lang_20251219T111037Z,with-language
BHR,['Arabic'],1594654,100.0,2024,,,,6.202666466583464,1.0,,5.334453751150931,0.5,True,33.08783739980425,16.543918699902125,33.08783739980425,16.543918699902125,146,False,Bahrain,,25-05-2025,False,with-lang,with-lang_20251219T111037Z,with-language
UKR,['Ukrainian'],32862000,82.3755,2023,,,,7.516693991312429,0.823755,,5.334453751150931,0.5,True,33.03048024473298,16.51524012236649,33.03048024473298,16.51524012236649,147,False,Ukraine,,25-05-2025,False,with-lang,with-lang_20251219T111037Z,with-language
IDN,['Indonesian'],284438782,72.7808,2024,,,,8.453988810272648,0.727808,,5.334453751150931,0.5,True,32.822257466629296,16.411128733314648,32.822257466629296,16.411128733314648,148,False,Indonesia,,25-05-2025,False,with-lang,with-lang_20251219T111037Z,with-language
SDN,"['Arabic', 'English']",51662000,26.4383,2020,,,,7.713171215080633,0.26438300000000003,,5.334453751150931,1.5,True,10.87818529970241,16.317277949553617,10.87818529970241,16.317277949553617,149,False,Sudan,,25-05-2025,False,with-lang,with-lang_20251219T111037Z,with-language
HTI,"['French', 'Haitian Creole']",11867032,39.262,2019,,,,7.074342113461789,0.39262,,5.334453751150931,1.1,True,14.816595728550778,16.298255301405856,14.816595728550778,16.298255301405856,150,False,Haiti,,25-05-2025,False,with-lang,with-lang_20251219T111037Z,with-language
LBY,['Arabic'],7459000,88.4989,2023,,,,6.8726806071519295,0.884989,,5.334453751150931,0.5,True,32.445463926110925,16.222731963055463,32.445463926110925,16.222731963055463,151,False,Libya,,25-05-2025,False,with-lang,with-lang_20251219T111037Z,with-language
KGZ,"['Kyrgyz', 'Russian']",7281800,88.4701,2023,,,,6.86223874654393,0.8847010000000001,,5.334453751150931,0.5,True,32.38562598990155,16.192812994950774,32.38562598990155,16.192812994950774,152,False,Kyrgyzstan,,25-05-2025,False,with-lang,with-lang_20251219T111037Z,with-language
EGY,['Arabic'],107271260,72.6899,2023,2025 Q2 P,303000.0,392.0,8.030483381842073,0.726899,5.481442628502305,5.481442628502305,0.5,True,31.997100989959463,15.998550494979732,31.997100989959463,15.998550494979732,153,False,Egypt,,25-05-2025,False,with-lang,with-lang_20251219T111037Z,with-language
FSM,['English'],105564,39.3833,2020,,,,5.023515838018407,0.393833,,5.334453751150931,1.5,True,10.553823666941545,15.830735500412317,10.553823666941545,15.830735500412317,154,False,"Micronesia, Federated States of",,25-05-2025,False,with-lang,with-lang_20251219T111037Z,with-language
DZA,['Arabic'],47400000,76.9081,2023,,,,7.675778341674085,0.769081,,5.334453751150931,0.5,True,31.49085566544696,15.74542783272348,31.49085566544696,15.74542783272348,155,False,Algeria,,25-05-2025,False,with-lang,with-lang_20251219T111037Z,with-language
CYP,"['Greek', 'Turkish']",1442614,91.2211,2023,2025 Q2 P,400000.0,364.0,6.159150142531189,0.9122110000000001,5.6020599913279625,5.6020599913279625,0.5,True,31.474863206712325,15.737431603356162,31.474863206712325,15.737431603356162,156,False,Cyprus,,25-05-2025,False,with-lang,with-lang_20251219T111037Z,with-language
PSE,['Arabic'],5483450,86.6377,2023,,,,6.739053887776157,0.866377,,5.334453751150931,0.5,True,31.14553517545776,15.57276758772888,31.14553517545776,15.57276758772888,157,False,"Palestine, State of",,25-05-2025,False,with-lang,with-lang_20251219T111037Z,with-language
SVN,['Slovene'],2130638,90.7636,2024,,,,6.328509668410944,0.907636,,5.334453751150931,0.5,True,30.641012735244615,15.320506367622308,30.641012735244615,15.320506367622308,158,False,Slovenia,,25-05-2025,False,with-lang,with-lang_20251219T111037Z,with-language
COG,"['French', 'Kikongo', 'Lingala']",6142180,38.3791,2023,,,,6.788322539534806,0.383791,,5.334453751150931,1.1,True,13.897836865396117,15.28762055193573,13.897836865396117,15.28762055193573,159,False,Congo,,25-05-2025,False,with-lang,with-lang_20251219T111037Z,with-language
ISR,"['Arabic', 'Hebrew']",10134800,88.1824,2024,2025 Q2 P,87000.0,94.0,7.00581518275242,0.881824,4.939519252618618,4.939519252618618,0.5,True,30.5158360732055,15.25791803660275,30.5158360732055,15.25791803660275,160,False,Israel,,25-05-2025,False,with-lang,with-lang_20251219T111037Z,with-language
MLI,['French'],22395489,35.0921,2023,,,,7.350160549597546,0.35092100000000004,,5.334453751150931,1.1,True,13.759293603662426,15.13522296402867,13.759293603662426,15.13522296402867,161,False,Mali,,25-05-2025,False,with-lang,with-lang_20251219T111037Z,with-language
TGO,['French'],8095498,37.0223,2023,,,,6.908243569828069,0.370223,,5.334453751150931,1.1,True,13.643349085624408,15.00768399418685,13.643349085624408,15.00768399418685,162,False,Togo,,25-05-2025,False,with-lang,with-lang_20251219T111037Z,with-language
BRN,['Malay'],455500,99.0336,2023,,,,5.658488381309017,0.9903360000000001,,5.334453751150931,0.5,True,29.893237267178698,14.946618633589349,29.893237267178698,14.946618633589349,163,False,Brunei Darussalam,,25-05-2025,False,with-lang,with-lang_20251219T111037Z,with-language
MKD,['Macedonian'],1822612,87.1819,2023,,,,6.260694225323314,0.871819,,5.334453751150931,0.5,True,29.11647374284714,14.55823687142357,29.11647374284714,14.55823687142357,164,False,North Macedonia,,25-05-2025,False,with-lang,with-lang_20251219T111037Z,with-language
RUS,['Russian'],146028325,94.365,2024,2025 Q2 P,6000.0,2.0,8.164437103716473,0.94365,3.7781512503836434,3.7781512503836434,0.5,True,29.108279202580015,14.554139601290007,29.108279202580015,14.554139601290007,165,False,Russian Federation,,25-05-2025,False,with-lang,with-lang_20251219T111037Z,with-language
BGR,['Bulgarian'],6437360,82.439,2024,2025 Q1 P,151000.0,76.0,6.808707797095676,0.82439,5.17897694729317,5.17897694729317,0.5,True,29.06975618982093,14.534878094910464,29.06975618982093,14.534878094910464,166,False,Bulgaria,,25-05-2025,False,with-lang,with-lang_20251219T111037Z,with-language
MNG,['Mongolian'],3544835,83.0162,2023,,,,6.549596025060067,0.830162,,5.334453751150931,0.5,True,29.00462921982374,14.50231460991187,29.00462921982374,14.50231460991187,167,False,Mongolia,,25-05-2025,False,with-lang,with-lang_20251219T111037Z,with-language
COD,"['French', 'Kikongo', 'Lingala', 'Tshiluba', 'Swahili']",112832000,30.548,2023,,,,8.05243228628321,0.30548,,5.334453751150931,1.1,True,13.121993479968378,14.434192827965216,13.121993479968378,14.434192827965216,168,False,"Congo, The Democratic Republic of the",,25-05-2025,False,with-lang,with-lang_20251219T111037Z,with-language
GEO,['Georgian'],4000921,81.8843,2023,,,,6.602159976122113,0.818843,,5.334453751150931,0.5,True,28.838763694237755,14.419381847118878,28.838763694237755,14.419381847118878,169,False,Georgia,,25-05-2025,False,with-lang,with-lang_20251219T111037Z,with-language
BTN,['Dzongkha'],784043,88.426,2023,,,,5.894339881754102,0.88426,,5.334453751150931,0.5,True,27.80386100932715,13.901930504663575,27.80386100932715,13.901930504663575,170,False,Bhutan,,25-05-2025,True,with-lang,with-lang_20251219T111037Z,with-language
ARM,['Armenian'],3076200,79.9966,2023,,,,6.488014567824043,0.799966,,5.334453751150931,0.5,True,27.686834178616618,13.843417089308309,27.686834178616618,13.843417089308309,171,False,Armenia,,25-05-2025,False,with-lang,with-lang_20251219T111037Z,with-language
PNG,"['English', 'Hiri Motu', 'Tok Pisin']",11781559,24.0667,2023,,,,7.071202762462869,0.24066700000000002,,5.334453751150931,1.5,True,9.078200894064144,13.617301341096216,9.078200894064144,13.617301341096216,172,False,Papua New Guinea,,25-05-2025,False,with-lang,with-lang_20251219T111037Z,with-language
BEN,['French'],13224860,32.2083,2023,,,,7.121391083236578,0.322083,,5.334453751150931,1.1,True,12.23552456822202,13.459077025044223,12.23552456822202,13.459077025044223,173,False,Benin,,25-05-2025,False,with-lang,with-lang_20251219T111037Z,with-language
MDV,['Maldivian'],515132,84.6851,2023,,,,5.711918529091912,0.846851,,5.334453751150931,0.5,True,25.803520519725737,12.901760259862868,25.803520519725737,12.901760259862868,174,False,Maldives,,25-05-2025,False,with-lang,with-lang_20251219T111037Z,with-language
LBR,['English'],5248621,23.4979,2023,,,,6.720045213737611,0.23497900000000002,,5.334453751150931,1.5,True,8.423473240428354,12.635209860642531,8.423473240428354,12.635209860642531,175,False,Liberia,,25-05-2025,False,with-lang,with-lang_20251219T111037Z,with-language
COM,"['Arabic', 'French', 'Comorian']",919901,35.6678,2023,,,,5.963741090968163,0.356678,,5.334453751150931,1.1,True,11.347104586065257,12.481815044671784,11.347104586065257,12.481815044671784,176,False,Comoros,,25-05-2025,False,with-lang,with-lang_20251219T111037Z,with-language
TUN,['Arabic'],11972169,72.3542,2023,2025 Q2 P,69000.0,60.0,7.078172838743614,0.723542,4.838849090737256,4.838849090737256,0.5,True,24.781465592027214,12.390732796013607,24.781465592027214,12.390732796013607,177,False,Tunisia,,25-05-2025,False,with-lang,with-lang_20251219T111037Z,with-language
TLS,"['Portuguese', 'Tetum']",1391221,34.0207,2023,,,,6.143396124569186,0.340207,,5.334453751150931,1.1,True,11.149148984652637,12.264063883117903,11.149148984652637,12.264063883117903,178,False,Timor-Leste,,25-05-2025,False,with-lang,with-lang_20251219T111037Z,with-language
MMR,['Burmese'],51316756,58.5357,2023,,,,7.710259194549563,0.585357,,5.334453751150931,0.5,True,24.075745750912386,12.037872875456193,24.075745750912386,12.037872875456193,179,False,Myanmar,,25-05-2025,False,with-lang,with-lang_20251219T111037Z,with-language
GNB,"['Portuguese', 'Upper Guinea Creole']",1781308,32.4661,2023,,,,6.250739018360228,0.324661,,5.334453751150931,1.1,True,10.825586705974949,11.908145376572445,10.825586705974949,11.908145376572445,180,False,Guinea-Bissau,,25-05-2025,False,with-lang,with-lang_20251219T111037Z,with-language
KHM,['Khmer'],17577760,60.7171,2023,,,,7.244963530486225,0.607171,,5.334453751150931,0.5,True,23.465897984280286,11.732948992140143,23.465897984280286,11.732948992140143,181,False,Cambodia,,25-05-2025,False,with-lang,with-lang_20251219T111037Z,with-language
LAO,['Lao'],7647000,63.6255,2023,,,,6.88349109018893,0.636255,,5.334453751150931,0.5,True,23.363070369999114,11.681535184999557,23.363070369999114,11.681535184999557,182,False,Lao People's Democratic Republic,,25-05-2025,False,with-lang,with-lang_20251219T111037Z,with-language
SLE,['English'],9077691,20.635,2023,,,,6.957975395494418,0.20635,,5.334453751150931,1.5,True,7.659092526757801,11.4886387901367,7.659092526757801,11.4886387901367,183,False,Sierra Leone,,25-05-2025,False,with-lang,with-lang_20251219T111037Z,with-language
GIN,['French'],14363931,26.5014,2023,,,,7.157273310239107,0.265014,,5.334453751150931,1.1,True,10.118272538330032,11.130099792163037,10.118272538330032,11.130099792163037,184,False,Guinea,,25-05-2025,False,with-lang,with-lang_20251219T111037Z,with-language
NPL,['Nepali'],29911840,55.7716,2023,,,,7.475843129088429,0.557716,,5.334453751150931,0.5,True,22.241457208827647,11.120728604413824,22.241457208827647,11.120728604413824,185,False,Nepal,,25-05-2025,False,with-lang,with-lang_20251219T111037Z,with-language
TJK,"['Russian', 'Tajik']",10499000,56.791,2023,,,,7.021147935720995,0.5679099999999999,,5.334453751150931,0.5,True,21.270494860671644,10.635247430335822,21.270494860671644,10.635247430335822,186,False,Tajikistan,,25-05-2025,False,with-lang,with-lang_20251219T111037Z,with-language
MWI,"['English', 'Chewa']",20734262,17.9881,2023,,,,7.316688582018264,0.17988099999999999,,5.334453751150931,1.5,True,7.020851999537661,10.531277999306491,7.020851999537661,10.531277999306491,187,False,Malawi,,25-05-2025,False,with-lang,with-lang_20251219T111037Z,with-language
ERI,"['Arabic', 'English', 'Tigrinya']",3607000,20.0104,2023,,,,6.557146142318363,0.200104,,5.334453751150931,1.5,True,6.999396361601925,10.499094542402888,6.999396361601925,10.499094542402888,188,False,Eritrea,,25-05-2025,False,with-lang,with-lang_20251219T111037Z,with-language
NER,['French'],26312034,23.1879,2023,,,,7.420154421663518,0.231879,,5.334453751150931,1.1,True,9.17834369765157,10.096178067416728,9.17834369765157,10.096178067416728,189,False,Niger,,25-05-2025,False,with-lang,with-lang_20251219T111037Z,with-language
BGD,['Bengali'],169828911,44.5027,2023,,,,8.230011624771146,0.44502699999999995,,5.334453751150931,0.5,True,19.537849661422772,9.768924830711386,19.537849661422772,9.768924830711386,190,False,Bangladesh,,25-05-2025,False,with-lang,with-lang_20251219T111037Z,with-language
PLW,"['English', 'Palauan']",16733,26.9703,2004,,,,4.223573811054687,0.269703,,5.334453751150931,1.5,True,6.076532426733334,9.114798640100002,6.076532426733334,9.114798640100002,191,False,Palau,,25-05-2025,False,with-lang,with-lang_20251219T111037Z,with-language
MDG,"['French', 'Malagasy']",31727042,20.3671,2023,,,,7.501429583510402,0.20367100000000002,,5.334453751150931,1.1,True,8.150104679272864,8.965115147200152,8.150104679272864,8.965115147200152,192,False,Madagascar,,25-05-2025,False,with-lang,with-lang_20251219T111037Z,with-language
LKA,"['Sinhala', 'Tamil']",21763170,51.2,2023,2025 Q1 P,59000.0,96.0,7.337722154502129,0.512,4.770852011642144,4.770852011642144,0.5,True,17.923679488858934,8.961839744429467,17.923679488858934,8.961839744429467,193,False,Sri Lanka,,25-05-2025,False,with-lang,with-lang_20251219T111037Z,with-language
GRL,['Greenlandic'],56542,69.4825,2017,,,,4.752371166261774,0.694825,,5.334453751150931,0.5,True,17.61471993710094,8.80735996855047,17.61471993710094,8.80735996855047,194,False,Greenland,,25-05-2025,False,with-lang,with-lang_20251219T111037Z,with-language
MOZ,['Portuguese'],34090466,19.8434,2023,,,,7.532632937862664,0.198434,,5.334453751150931,1.1,True,7.973570639423698,8.770927703366068,7.973570639423698,8.770927703366068,195,False,Mozambique,,25-05-2025,False,with-lang,with-lang_20251219T111037Z,with-language
BFA,['French'],24070553,17.0226,2023,,,,7.381486067927281,0.17022600000000002,,5.334453751150931,1.1,True,6.7028523478068855,7.3731375825875745,6.7028523478068855,7.3731375825875745,196,False,Burkina Faso,,25-05-2025,False,with-lang,with-lang_20251219T111037Z,with-language
SYR,['Arabic'],25620000,34.65,2019,,,,7.408579125408668,0.3465,,5.334453751150931,0.5,True,13.69393041771034,6.84696520885517,13.69393041771034,6.84696520885517,197,False,Syrian Arab Republic,,25-05-2025,False,with-lang,with-lang_20251219T111037Z,with-language
MRT,['Arabic'],4927532,37.3809,2023,,,,6.69262945332252,0.37380899999999995,,5.334453751150931,0.5,True,13.345550346577143,6.672775173288572,13.345550346577143,6.672775173288572,198,False,Mauritania,,25-05-2025,False,with-lang,with-lang_20251219T111037Z,with-language
TCD,"['Arabic', 'French']",19340757,13.1832,2023,,,,7.286473468427895,0.131832,,5.334453751150931,1.1,True,5.124224904111812,5.636647394522994,5.124224904111812,5.636647394522994,199,False,Chad,,25-05-2025,False,with-lang,with-lang_20251219T111037Z,with-language
UGA,"['English', 'Swahili']",45905417,8.94983,2024,,,,7.661863936831315,0.0894983,,5.334453751150931,1.5,True,3.6579618821080957,5.486942823162144,3.6579618821080957,5.486942823162144,200,False,Uganda,,25-05-2025,False,with-lang,with-lang_20251219T111037Z,with-language
SOM,"['Arabic', 'Somali']",19655000,27.6,2022,,,,7.293473048156108,0.276,,5.334453751150931,0.5,True,10.738247726340662,5.369123863170331,10.738247726340662,5.369123863170331,201,False,Somalia,,25-05-2025,False,with-lang,with-lang_20251219T111037Z,with-language
SSD,['English'],15786898,9.27123,2020,,,,7.198296802976665,0.0927123,,5.334453751150931,1.5,True,3.56005788163215,5.3400868224482245,3.56005788163215,5.3400868224482245,202,False,South Sudan,,25-05-2025,False,with-lang,with-lang_20251219T111037Z,with-language
BDI,"['French', 'Kirundi']",12332788,11.0784,2023,,,,7.0910612660640675,0.11078400000000001,,5.334453751150931,1.1,True,4.19061954042601,4.609681494468611,4.19061954042601,4.609681494468611,203,False,Burundi,,25-05-2025,False,with-lang,with-lang_20251219T111037Z,with-language
TKM,"['Russian', 'Turkmen']",7057841,21.251,2017,,,,6.84867187028912,0.21251,,5.334453751150931,0.5,True,7.7638240508674405,3.8819120254337203,7.7638240508674405,3.8819120254337203,204,False,Turkmenistan,,25-05-2025,False,with-lang,with-lang_20251219T111037Z,with-language
AFG,"['Dari', 'Pashto', 'Turkmen']",43844000,17.7089,2023,,,,7.641910169077627,0.177089,,5.334453751150931,0.5,True,7.21910681908554,3.60955340954277,7.21910681908554,3.60955340954277,205,False,Afghanistan,,25-05-2025,False,with-lang,with-lang_20251219T111037Z,with-language
ETH,['Amharic'],111652998,16.6981,2021,,,,8.047870388825965,0.166981,,5.334453751150931,0.5,True,7.1686600393477065,3.5843300196738532,7.1686600393477065,3.5843300196738532,206,False,Ethiopia,,25-05-2025,False,with-lang,with-lang_20251219T111037Z,with-language
CAF,"['French', 'Sango']",6470307,7.50916,2019,,,,6.810924887352293,0.0750916,,5.334453751150931,1.1,True,2.7282703489061504,3.0010973837967656,2.7282703489061504,3.0010973837967656,207,False,Central African Republic,,25-05-2025,False,with-lang,with-lang_20251219T111037Z,with-language
YEM,['Arabic'],32684503,13.8152,2020,,,,7.514341885477597,0.138152,,5.334453751150931,0.5,True,5.53781038386876,2.76890519193438,5.53781038386876,2.76890519193438,208,False,Yemen,,25-05-2025,False,with-lang,with-lang_20251219T111037Z,with-language
TWN,['Chinese'],23317031,,,,,,7.3676732501004665,,,5.334453751150931,0.5,True,0.0,0.0,0.0,0.0,209,False,"Taiwan, Province of China",,25-05-2025,False,with-lang,with-lang_20251219T111037Z,with-language
GLP,['French'],378561,,,,,,5.578135870173925,,,5.334453751150931,1.1,True,0.0,0.0,0.0,0.0,210,False,Guadeloupe,,25-05-2025,False,with-lang,with-lang_20251219T111037Z,with-language
COK,"['English', 'Cook Islands Māori']",15040,,,,,,4.177247836255623,,,5.334453751150931,1.5,True,0.0,0.0,0.0,0.0,211,False,Cook Islands,,25-05-2025,False,with-lang,with-lang_20251219T111037Z,with-language
MAF,['French'],31496,,,,,,4.498255401782173,,,5.334453751150931,1.1,True,0.0,0.0,0.0,0.0,212,False,Saint Martin (French part),,25-05-2025,False,with-lang,with-lang_20251219T111037Z,with-language
UMI,['English'],0,,,,,,,,,5.334453751150931,1.5,True,0.0,0.0,0.0,0.0,213,False,United States Minor Outlying Islands,,25-05-2025,False,with-lang,with-lang_20251219T111037Z,with-language
ATF,['French'],400,,,,,,2.6020599913279625,,,5.334453751150931,1.1,True,0.0,0.0,0.0,0.0,214,False,French Southern Territories,,25-05-2025,False,with-lang,with-lang_20251219T111037Z,with-language
ATA,[],1300,,,,,,3.113943352306837,,,5.334453751150931,0.5,True,0.0,0.0,0.0,0.0,215,False,Antarctica,,25-05-2025,False,with-lang,with-lang_20251219T111037Z,with-language
VAT,"['Italian', 'Latin']",882,,,,,,2.94546858513182,,,5.334453751150931,1.1,True,0.0,0.0,0.0,0.0,216,False,Holy See (Vatican City State),,25-05-2025,False,with-lang,with-lang_20251219T111037Z,with-language
ASM,"['English', 'Samoan']",49710,0.0,1990,,,,4.6964437631389995,0.0,,5.334453751150931,1.5,True,0.0,0.0,0.0,0.0,217,False,American Samoa,,25-05-2025,False,with-lang,with-lang_20251219T111037Z,with-language
HMD,['English'],0,,,,,,,,,5.334453751150931,1.5,True,0.0,0.0,0.0,0.0,218,False,Heard Island and McDonald Islands,,25-05-2025,False,with-lang,with-lang_20251219T111037Z,with-language
IMN,"['English', 'Manx']",84530,,,,,,4.927010868975651,,,5.334453751150931,1.5,True,0.0,0.0,0.0,0.0,219,False,Isle of Man,,25-05-2025,False,with-lang,with-lang_20251219T111037Z,with-language
ALA,['Swedish'],30654,,,,,,4.486487153065907,,,5.334453751150931,1.1,True,0.0,0.0,0.0,0.0,220,False,Åland Islands,,25-05-2025,False,with-lang,with-lang_20251219T111037Z,with-language
IOT,['English'],0,,,,,,,,,5.334453751150931,1.5,True,0.0,0.0,0.0,0.0,221,False,British Indian Ocean Territory,,25-05-2025,False,with-lang,with-lang_20251219T111037Z,with-language
WLF,['French'],11620,,,,,,4.065206128054312,,,5.334453751150931,1.1,True,0.0,0.0,0.0,0.0,222,False,Wallis and Futuna,,25-05-2025,False,with-lang,with-lang_20251219T111037Z,with-language
AIA,['English'],16010,,,,,,4.204391331919299,,,5.334453751150931,1.5,True,0.0,0.0,0.0,0.0,223,False,Anguilla,,25-05-2025,False,with-lang,with-lang_20251219T111037Z,with-language
JEY,"['English', 'French', 'Jèrriais']",103267,,,,,,5.013961560555626,,,5.334453751150931,1.5,True,0.0,0.0,0.0,0.0,224,False,Jersey,,25-05-2025,False,with-lang,with-lang_20251219T111037Z,with-language
GUF,['French'],292354,,,,,,5.46590904024973,,,5.334453751150931,1.1,True,0.0,0.0,0.0,0.0,225,False,French Guiana,,25-05-2025,False,with-lang,with-lang_20251219T111037Z,with-language
TCA,['English'],50828,0.0,1990,,,,4.706103021249971,0.0,,5.334453751150931,1.5,True,0.0,0.0,0.0,0.0,226,False,Turks and Caicos Islands,,25-05-2025,False,with-lang,with-lang_20251219T111037Z,with-language
MNP,"['Carolinian', 'Chamorro', 'English']",47329,0.0,1990,,,,4.675127328489335,0.0,,5.334453751150931,1.5,True,0.0,0.0,0.0,0.0,227,False,Northern Mariana Islands,,25-05-2025,False,with-lang,with-lang_20251219T111037Z,with-language
SJM,['Norwegian'],2530,,,,,,3.403120521175818,,,5.334453751150931,1.1,True,0.0,0.0,0.0,0.0,228,False,Svalbard and Jan Mayen,,25-05-2025,False,with-lang,with-lang_20251219T111037Z,with-language
CXR,['English'],1692,,,,,,3.228400358703005,,,5.334453751150931,1.5,True,0.0,0.0,0.0,0.0,229,False,Christmas Island,,25-05-2025,False,with-lang,with-lang_20251219T111037Z,with-language
CCK,['English'],593,,,,,,2.7730546933642626,,,5.334453751150931,1.5,True,0.0,0.0,0.0,0.0,230,False,Cocos (Keeling) Islands,,25-05-2025,False,with-lang,with-lang_20251219T111037Z,with-language
PCN,['English'],35,,,,,,1.5440680443502757,,,5.334453751150931,1.5,True,0.0,0.0,0.0,0.0,231,False,Pitcairn,,25-05-2025,False,with-lang,with-lang_20251219T111037Z,with-language
REU,['French'],896175,,,,,,5.9523928245206905,,,5.334453751150931,1.1,True,0.0,0.0,0.0,0.0,232,False,Réunion,,25-05-2025,False,with-lang,with-lang_20251219T111037Z,with-language
NIU,"['English', 'Niuean']",1681,,,,,,3.225567713439471,,,5.334453751150931,1.5,True,0.0,0.0,0.0,0.0,233,False,Niue,,25-05-2025,False,with-lang,with-lang_20251219T111037Z,with-language
ESH,"['Berber', 'Hassaniya', 'Spanish']",600904,,,,,,5.778805094963722,,,5.334453751150931,1.1,True,0.0,0.0,0.0,0.0,234,False,Western Sahara,,25-05-2025,False,with-lang,with-lang_20251219T111037Z,with-language
BVT,['Norwegian'],0,,,,,,,,,5.334453751150931,1.1,True,0.0,0.0,0.0,0.0,235,False,Bouvet Island,,25-05-2025,False,with-lang,with-lang_20251219T111037Z,with-language
SGS,['English'],0,,,,,,,,,5.334453751150931,1.5,True,0.0,0.0,0.0,0.0,236,False,South Georgia and the South Sandwich Islands,,25-05-2025,False,with-lang,with-lang_20251219T111037Z,with-language
SHN,['English'],5651,,,,,,3.752125307297898,,,5.334453751150931,1.5,True,0.0,0.0,0.0,0.0,237,False,"Saint Helena, Ascension and Tristan da Cunha",,25-05-2025,False,with-lang,with-lang_20251219T111037Z,with-language
NFK,"['English', 'Norfuk']",2188,,,,,,3.340047317661393,,,5.334453751150931,1.5,True,0.0,0.0,0.0,0.0,238,False,Norfolk Island,,25-05-2025,False,with-lang,with-lang_20251219T111037Z,with-language
TKL,"['English', 'Samoan', 'Tokelauan']",2608,,,,,,3.4163075870598827,,,5.334453751150931,1.5,True,0.0,0.0,0.0,0.0,239,False,Tokelau,,25-05-2025,False,with-lang,with-lang_20251219T111037Z,with-language
FLK,['English'],3662,,,,,,3.5637183399656776,,,5.334453751150931,1.5,True,0.0,0.0,0.0,0.0,240,False,Falkland Islands (Malvinas),,25-05-2025,False,with-lang,with-lang_20251219T111037Z,with-language
SPM,['French'],5819,,,,,,3.7648483571934106,,,5.334453751150931,1.1,True,0.0,0.0,0.0,0.0,241,False,Saint Pierre and Miquelon,,25-05-2025,False,with-lang,with-lang_20251219T111037Z,with-language
BLM,['French'],10562,,,,,,4.023746163152476,,,5.334453751150931,1.1,True,0.0,0.0,0.0,0.0,242,False,Saint Barthélemy,,25-05-2025,False,with-lang,with-lang_20251219T111037Z,with-language
MYT,['French'],320901,,,,,,5.506371070457315,,,5.334453751150931,1.1,True,0.0,0.0,0.0,0.0,243,False,Mayotte,,25-05-2025,False,with-lang,with-lang_20251219T111037Z,with-language
GGY,"['English', 'French', 'Guernésiais']",64781,,,,,,4.811447647766932,,,5.334453751150931,1.5,True,0.0,0.0,0.0,0.0,244,False,Guernsey,,25-05-2025,False,with-lang,with-lang_20251219T111037Z,with-language
MTQ,['French'],349925,,,,,,5.543974971274539,,,5.334453751150931,1.1,True,0.0,0.0,0.0,0.0,245,False,Martinique,,25-05-2025,False,with-lang,with-lang_20251219T111037Z,with-language
SXM,"['English', 'French', 'Dutch']",41349,,,,,,4.616465010872037,,,5.334453751150931,1.5,True,0.0,0.0,0.0,0.0,246,False,Sint Maarten (Dutch part),,25-05-2025,False,with-lang,with-lang_20251219T111037Z,with-language
BES,"['English', 'Dutch', 'Papiamento']",31980,,,,,,4.504878459410216,,,5.334453751150931,1.5,True,0.0,0.0,0.0,0.0,247,False,"Bonaire, Sint Eustatius and Saba",,25-05-2025,False,with-lang,with-lang_20251219T111037Z,with-language
MSR,['English'],4386,,,,,,3.642068627341504,,,5.334453751150931,1.5,True,0.0,0.0,0.0,0.0,248,False,Montserrat,,25-05-2025,False,with-lang,with-lang_20251219T111037Z,with-language
PRK,['Korean'],25950000,0.0,2012,,,,7.414137362184476,0.0,,5.334453751150931,0.5,True,0.0,0.0,0.0,0.0,249,False,"Korea, Democratic People's Republic of",,25-05-2025,False,with-lang,with-lang_20251219T111037Z,with-language
