alpha_3,languages,population,internet_usage_pct,internet_usage_record_year,uk_visits_period,uk_visits_number,uk_spending_millions,pop_score,net_score,uk_score_raw,uk_score,language_factor,total_score,model_rank,is_single_listen_candidate,country_name,predicted_single_listen_country,prediction_date,seen_in_listens,run_label,run_id
GBR,['English'],69281437,96.2988,2023,,,,7.840616887015905,0.962988,,6.763427993562937,1.5,76.60008273101442,1,False,United Kingdom,,25-05-2025,False,lang-fix-smoke,lang-fix-smoke_20251219T105801Z
USA,['English'],340110988,93.1444,2023,2025 Q1 P,864000.0,1306.0,8.531620662955014,0.931444,5.936513742478893,5.936513742478893,1.5,70.76377996764498,2,False,United States,,25-05-2025,False,lang-fix-smoke,lang-fix-smoke_20251219T105801Z
AUS,['English'],27536874,97.0631,2023,2025 Q1 P,287000.0,519.0,7.439914637387663,0.970631,5.457881896733992,5.457881896733992,1.5,59.12041897042563,3,False,Australia,,25-05-2025,False,lang-fix-smoke,lang-fix-smoke_20251219T105801Z
MYS,"['English', 'Malay']",34231700,98.0206,2024,,,,7.534428467419687,0.980206,,5.334453751150931,1.5,59.09474784178585,4,False,Malaysia,,25-05-2025,False,lang-fix-smoke,lang-fix-smoke_20251219T105801Z
ESP,"['Spanish', 'Catalan', 'Basque', 'Galician']",49315949,95.7575,2024,2025 Q2 P,5800000.0,4528.0,7.692987394784945,0.957575,6.763427993562937,6.763427993562937,1.1,54.805907810210876,5,False,Spain,,25-05-2025,False,lang-fix-smoke,lang-fix-smoke_20251219T105801Z
CAN,"['English', 'French']",41651653,93.9564,2023,2025 Q2 P,121000.0,142.0,7.619632241625957,0.9395640000000001,5.08278537031645,5.08278537031645,1.5,54.58249821499207,6,False,Canada,,25-05-2025,False,lang-fix-smoke,lang-fix-smoke_20251219T105801Z
PHL,"['English', 'Filipino']",114123600,83.7661,2023,,,,8.057375462910338,0.837661,,5.334453751150931,1.5,54.006136637726016,7,False,Philippines,,25-05-2025,False,lang-fix-smoke,lang-fix-smoke_20251219T105801Z
HKG,"['English', 'Chinese']",7527500,95.9778,2023,,,,6.876650764184797,0.959778,,5.334453751150931,1.5,52.8115571712495,8,False,Hong Kong,,25-05-2025,False,lang-fix-smoke,lang-fix-smoke_20251219T105801Z
IRL,"['English', 'Irish']",5458600,96.4974,2023,,,,6.7370812708662235,0.964974,,5.334453751150931,1.5,52.01979203447968,9,False,Ireland,,25-05-2025,False,lang-fix-smoke,lang-fix-smoke_20251219T105801Z
SGP,"['English', 'Chinese', 'Malay', 'Tamil']",6110200,94.3776,2024,,,,6.786055425868549,0.9437760000000001,,5.334453751150931,1.5,51.246893566008126,10,False,Singapore,,25-05-2025,False,lang-fix-smoke,lang-fix-smoke_20251219T105801Z
DEU,['German'],83491249,93.5,2024,2025 Q2 P,956000.0,641.0,7.92164095799646,0.935,5.9804578922761005,5.9804578922761005,1.1,48.725228832357836,11,False,Germany,,25-05-2025,False,lang-fix-smoke,lang-fix-smoke_20251219T105801Z
FRA,['French'],66351959,88.6538,2024,2025 Q2 P,2404000.0,1695.0,7.821853749662105,0.886538,6.380934463330702,6.380934463330702,1.1,48.67254063358779,12,False,France,,25-05-2025,False,lang-fix-smoke,lang-fix-smoke_20251219T105801Z
ITA,"['Italian', 'Catalan']",58927633,89.2207,2024,2025 Q2 P,1665000.0,1356.0,7.7703189967427955,0.892207,6.221414237842339,6.221414237842339,1.1,47.44454418040738,13,False,Italy,,25-05-2025,False,lang-fix-smoke,lang-fix-smoke_20251219T105801Z
NZL,"['English', 'Māori', 'New Zealand Sign Language']",5324700,96.1638,2023,2025 Q1 P,65000.0,121.0,6.726295144126775,0.961638,4.812913356642856,4.812913356642856,1.5,46.69676971253413,14,False,New Zealand,,25-05-2025,False,lang-fix-smoke,lang-fix-smoke_20251219T105801Z
ZAF,"['Afrikaans', 'English', 'Southern Ndebele', 'Northern Sotho', 'Southern Sotho', 'Swazi', 'Tswana', 'Tsonga', 'Venda', 'Xhosa', 'Zulu']",63100945,75.6592,2023,2025 Q1 P,166000.0,223.0,7.800035863288702,0.7565919999999999,5.220108088040055,5.220108088040055,1.5,46.20926907965162,15,False,South Africa,,25-05-2025,False,lang-fix-smoke,lang-fix-smoke_20251219T105801Z
PRI,"['English', 'Spanish']",3203295,87.2918,2022,,,,6.505596935845423,0.872918,,5.334453751150931,1.5,45.440365359920335,16,False,Puerto Rico,,25-05-2025,False,lang-fix-smoke,lang-fix-smoke_20251219T105801Z
NLD,['Dutch'],18100436,97.0068,2023,2025 Q2 P,679000.0,437.0,7.257689036201425,0.9700679999999999,5.831869774280501,5.831869774280501,1.1,45.16489841900016,17,False,Netherlands,,25-05-2025,False,lang-fix-smoke,lang-fix-smoke_20251219T105801Z
IND,"['English', 'Hindi', 'Tamil']",1417492000,55.9,2022,2025 Q1 P,619000.0,602.0,9.151520616513332,0.5589999999999999,5.791690649020118,5.791690649020118,1.5,44.442827993770614,18,False,India,,25-05-2025,False,lang-fix-smoke,lang-fix-smoke_20251219T105801Z
POL,['Polish'],37392000,88.585,2024,2025 Q1 P,817000.0,265.0,7.572778695048152,0.8858499999999999,5.912222056532415,5.912222056532415,1.1,43.62735434803488,19,False,Poland,,25-05-2025,False,lang-fix-smoke,lang-fix-smoke_20251219T105801Z
CHE,"['French', 'Swiss German', 'Italian', 'Romansh']",9082848,97.3444,2023,2025 Q1 P,540000.0,560.0,6.958222046400911,0.973444,5.732393759822968,5.732393759822968,1.1,42.71082456552317,20,False,Switzerland,,25-05-2025,False,lang-fix-smoke,lang-fix-smoke_20251219T105801Z
JAM,"['English', 'Jamaican Patois']",2825544,89.473,2023,2025 Q2 P,83000.0,76.0,6.4511020746169,0.89473,4.919078092376074,4.919078092376074,1.5,42.58933797837409,21,False,Jamaica,,25-05-2025,False,lang-fix-smoke,lang-fix-smoke_20251219T105801Z
BHS,['English'],398165,94.8186,2023,,,,5.600063081470082,0.9481860000000001,,5.334453751150931,1.5,42.48813526596349,22,False,Bahamas,,25-05-2025,False,lang-fix-smoke,lang-fix-smoke_20251219T105801Z
GHA,['English'],33742380,69.9445,2023,,,,7.52817571205314,0.6994450000000001,,5.334453751150931,1.5,42.13320830275837,23,False,Ghana,,25-05-2025,False,lang-fix-smoke,lang-fix-smoke_20251219T105801Z
ROU,['Romanian'],19036031,91.2905,2024,2025 Q2 P,548000.0,249.0,7.279576403371833,0.912905,5.738780558484369,5.738780558484369,1.1,41.95116229061814,24,False,Romania,,25-05-2025,False,lang-fix-smoke,lang-fix-smoke_20251219T105801Z
TTO,['English'],1367764,84.6994,2023,,,,6.136011168773308,0.846994,,5.334453751150931,1.5,41.58605164487383,25,False,Trinidad and Tobago,,25-05-2025,False,lang-fix-smoke,lang-fix-smoke_20251219T105801Z
BWA,"['English', 'Tswana']",2359609,81.36,2023,,,,6.372840043982482,0.8136,,5.334453751150931,1.5,41.488255231482036,26,False,Botswana,,25-05-2025,False,lang-fix-smoke,lang-fix-smoke_20251219T105801Z
MLT,"['English', 'Maltese']",574250,92.0727,2023,2025 Q2 P,158000.0,153.0,5.759101003867063,0.920727,5.198657086954422,5.198657086954422,1.5,41.34928504682718,27,False,Malta,,25-05-2025,False,lang-fix-smoke,lang-fix-smoke_20251219T105801Z
PRT,['Portuguese'],10749635,88.487,2024,2025 Q2 P,1094000.0,774.0,7.0313937181886415,0.8848699999999999,6.039017321997412,6.039017321997412,1.1,41.33137452037393,28,False,Portugal,,25-05-2025,False,lang-fix-smoke,lang-fix-smoke_20251219T105801Z
BEL,"['German', 'French', 'Dutch']",11825551,95.7758,2024,2025 Q2 P,322000.0,172.0,7.072821385408543,0.957758,5.507855871695831,5.507855871695831,1.1,41.04154783525291,29,False,Belgium,,25-05-2025,False,lang-fix-smoke,lang-fix-smoke_20251219T105801Z
CHL,['Spanish'],20206953,94.4574,2023,,,,7.3055008313257455,0.944574,,5.334453751150931,1.1,40.491943394824496,30,False,Chile,,25-05-2025,False,lang-fix-smoke,lang-fix-smoke_20251219T105801Z
ARG,"['Guaraní', 'Spanish']",46735004,89.6672,2024,,,,7.6696422841965495,0.8966719999999999,,5.334453751150931,1.1,40.354442933193575,31,False,Argentina,,25-05-2025,False,lang-fix-smoke,lang-fix-smoke_20251219T105801Z
AUT,['German'],9200931,94.9197,2024,2025 Q1 P,326000.0,420.0,6.963831773835327,0.9491970000000001,5.513217600067939,5.513217600067939,1.1,40.08689765208807,32,False,Austria,,25-05-2025,False,lang-fix-smoke,lang-fix-smoke_20251219T105801Z
DNK,['Danish'],6011488,99.7692,2024,2025 Q2 P,216000.0,178.0,6.778981984515728,0.997692,5.334453751150931,5.334453751150931,1.1,39.68657395718625,33,False,Denmark,,25-05-2025,False,lang-fix-smoke,lang-fix-smoke_20251219T105801Z
HUN,['Hungarian'],9539502,93.779,2024,2025 Q2 P,269000.0,141.0,6.979525703394117,0.93779,5.429752280002408,5.429752280002408,1.1,39.093469012378314,34,False,Hungary,,25-05-2025,False,lang-fix-smoke,lang-fix-smoke_20251219T105801Z
MUS,"['English', 'French', 'Mauritian Creole']",1243741,79.5,2023,,,,6.094729951108975,0.795,,5.334453751150931,1.5,38.77062564705965,35,False,Mauritius,,25-05-2025,False,lang-fix-smoke,lang-fix-smoke_20251219T105801Z
MEX,['Spanish'],130575786,81.1832,2023,2025 Q2 P,207000.0,336.0,8.115862648749394,0.811832,5.315970345456917,5.315970345456917,1.1,38.52796663953258,36,False,Mexico,,25-05-2025,False,lang-fix-smoke,lang-fix-smoke_20251219T105801Z
GUY,['English'],772975,81.7221,2023,,,,5.888165447944686,0.817221,,5.334453751150931,1.5,38.50354670656881,37,False,Guyana,,25-05-2025,False,lang-fix-smoke,lang-fix-smoke_20251219T105801Z
SWE,['Swedish'],10605098,95.5293,2024,2025 Q2 P,150000.0,90.0,7.025514686116378,0.9552930000000001,5.176091259055681,5.176091259055681,1.1,38.212843112083775,38,False,Sweden,,25-05-2025,False,lang-fix-smoke,lang-fix-smoke_20251219T105801Z
BMU,['English'],64055,98.37,2017,,,,4.80655303552734,0.9837,,5.334453751150931,1.5,37.833596118128966,39,False,Bermuda,,25-05-2025,False,lang-fix-smoke,lang-fix-smoke_20251219T105801Z
FJI,"['English', 'Fijian', 'Fiji Hindi']",900869,79.3485,2023,,,,5.954661642573458,0.793485,,5.334453751150931,1.5,37.8074183991855,40,False,Fiji,,25-05-2025,True,lang-fix-smoke,lang-fix-smoke_20251219T105801Z
DOM,['Spanish'],10771504,91.0022,2024,,,,7.032276347058217,0.910022,,5.334453751150931,1.1,37.55177411477449,41,False,Dominican Republic,,25-05-2025,False,lang-fix-smoke,lang-fix-smoke_20251219T105801Z
BRA,['Portuguese'],213421037,84.4635,2024,2025 Q1 P,65000.0,115.0,8.329237225785352,0.8446349999999999,4.812913356642856,4.812913356642856,1.1,37.24560505877435,42,False,Brazil,,25-05-2025,False,lang-fix-smoke,lang-fix-smoke_20251219T105801Z
CZE,"['Czech', 'Slovak']",10882341,87.6878,2024,2025 Q1 P,246000.0,108.0,7.036722330474317,0.8768779999999999,5.390935107103379,5.390935107103379,1.1,36.590334313791956,43,False,Czechia,,25-05-2025,False,lang-fix-smoke,lang-fix-smoke_20251219T105801Z
PER,"['Aymara', 'Quechua', 'Spanish']",34350244,81.9571,2024,,,,7.535929826329404,0.8195709999999999,,5.334453751150931,1.1,36.24149194306404,44,False,Peru,,25-05-2025,False,lang-fix-smoke,lang-fix-smoke_20251219T105801Z
KIR,"['English', 'Gilbertese']",120740,88.0,2023,,,,5.081851171517454,0.88,,5.334453751150931,1.5,35.78374805899348,45,False,Kiribati,,25-05-2025,False,lang-fix-smoke,lang-fix-smoke_20251219T105801Z
SYC,"['Seychellois Creole', 'English', 'French']",122729,87.4009,2023,,,,5.088947195586477,0.8740089999999999,,5.334453751150931,1.5,35.589760263174504,46,False,Seychelles,,25-05-2025,False,lang-fix-smoke,lang-fix-smoke_20251219T105801Z
URY,['Spanish'],3499451,91.9911,2024,,,,6.543999916815401,0.919911,,5.334453751150931,1.1,35.324151324338665,47,False,Uruguay,,25-05-2025,False,lang-fix-smoke,lang-fix-smoke_20251219T105801Z
SRB,['Serbian'],6567783,87.6907,2024,,,,6.81741879522901,0.8769070000000001,,5.334453751150931,1.1,35.07972255440983,48,False,Serbia,,25-05-2025,False,lang-fix-smoke,lang-fix-smoke_20251219T105801Z
COL,['Spanish'],53057212,77.3369,2023,,,,7.724744425351789,0.773369,,5.334453751150931,1.1,35.0552863223607,49,False,Colombia,,25-05-2025,False,lang-fix-smoke,lang-fix-smoke_20251219T105801Z
GIB,['English'],38000,94.4445,2016,,,,4.57978359661681,0.9444450000000001,,5.334453751150931,1.5,34.610099056315214,50,False,Gibraltar,,25-05-2025,False,lang-fix-smoke,lang-fix-smoke_20251219T105801Z
FIN,"['Finnish', 'Swedish']",5650325,93.5139,2023,2025 Q2 P,86000.0,70.0,6.752073428641965,0.935139,4.9344984512435675,4.9344984512435675,1.1,34.272755945651134,51,False,Finland,,25-05-2025,False,lang-fix-smoke,lang-fix-smoke_20251219T105801Z
LVA,['Latvian'],1829000,92.7076,2024,,,,6.262213705476417,0.927076,,5.334453751150931,1.1,34.06637023161683,52,False,Latvia,,25-05-2025,False,lang-fix-smoke,lang-fix-smoke_20251219T105801Z
CRI,['Spanish'],5309625,85.3951,2023,,,,6.725063849484161,0.853951,,5.334453751150931,1.1,33.69861119082848,53,False,Costa Rica,,25-05-2025,False,lang-fix-smoke,lang-fix-smoke_20251219T105801Z
GUM,"['Chamorro', 'English', 'Spanish']",153836,80.5055,2017,,,,5.187057978975404,0.805055,,5.334453751150931,1.5,33.413953763733325,54,False,Guam,,25-05-2025,False,lang-fix-smoke,lang-fix-smoke_20251219T105801Z
NAM,"['Afrikaans', 'German', 'English', 'Herero', 'Khoekhoe', 'Kwangali', 'Lozi', 'Ndonga', 'Tswana']",3022401,64.4061,2023,,,,6.480352084269662,0.644061,,5.334453751150931,1.5,33.39695085240222,55,False,Namibia,,25-05-2025,False,lang-fix-smoke,lang-fix-smoke_20251219T105801Z
EST,['Estonian'],1369995,92.238,2024,,,,6.1367189821371575,0.92238,,5.334453751150931,1.1,33.214579079278074,56,False,Estonia,,25-05-2025,False,lang-fix-smoke,lang-fix-smoke_20251219T105801Z
SVK,['Slovak'],5413813,89.8251,2024,2025 Q1 P,97000.0,37.0,6.733503250608721,0.898251,4.986771734266245,4.986771734266245,1.1,33.178057678097005,57,False,Slovakia,,25-05-2025,False,lang-fix-smoke,lang-fix-smoke_20251219T105801Z
LBN,"['Arabic', 'French']",5490000,83.4933,2023,,,,6.739572344450092,0.834933,,5.334453751150931,1.1,33.01920445286849,58,False,Lebanon,,25-05-2025,False,lang-fix-smoke,lang-fix-smoke_20251219T105801Z
BIH,"['Bosnian', 'Croatian', 'Serbian']",3422000,86.1009,2024,,,,6.534280005205082,0.8610089999999999,,5.334453751150931,1.1,33.0132340810523,59,False,Bosnia and Herzegovina,,25-05-2025,False,lang-fix-smoke,lang-fix-smoke_20251219T105801Z
ECU,['Spanish'],18103660,77.1727,2024,,,,7.257766384654669,0.771727,,5.334453751150931,1.1,32.86618679236561,60,False,Ecuador,,25-05-2025,False,lang-fix-smoke,lang-fix-smoke_20251219T105801Z
ISL,['Icelandic'],391810,99.8301,2023,,,,5.593075516113534,0.998301,,5.334453751150931,1.1,32.763842428757386,61,False,Iceland,,25-05-2025,False,lang-fix-smoke,lang-fix-smoke_20251219T105801Z
LTU,['Lithuanian'],2894886,88.5029,2023,2025 Q1 P,161000.0,63.0,6.461631465975109,0.885029,5.20682587603185,5.20682587603185,1.1,32.75408154800106,62,False,Lithuania,,25-05-2025,False,lang-fix-smoke,lang-fix-smoke_20251219T105801Z
BLZ,"['Belizean Creole', 'English', 'Spanish']",417634,72.3595,2023,,,,5.620795847779911,0.723595,,5.334453751150931,1.5,32.54427358281944,63,False,Belize,,25-05-2025,False,lang-fix-smoke,lang-fix-smoke_20251219T105801Z
PRY,"['Guaraní', 'Spanish']",6109644,81.5781,2024,,,,6.786015905276943,0.8157810000000001,,5.334453751150931,1.1,32.48411944510446,64,False,Paraguay,,25-05-2025,False,lang-fix-smoke,lang-fix-smoke_20251219T105801Z
DMA,['English'],67408,83.8255,2023,,,,4.828711441782772,0.8382550000000001,,5.334453751150931,1.5,32.38833473558424,65,False,Dominica,,25-05-2025,False,lang-fix-smoke,lang-fix-smoke_20251219T105801Z
HRV,['Croatian'],3866233,83.6324,2024,,,,6.587288023403108,0.8363240000000001,,5.334453751150931,1.1,32.32688455601381,66,False,Croatia,,25-05-2025,False,lang-fix-smoke,lang-fix-smoke_20251219T105801Z
CYM,['English'],84738,81.0677,2017,,,,4.928078209497234,0.810677,,5.334453751150931,1.5,31.967351506773106,67,False,Cayman Islands,,25-05-2025,False,lang-fix-smoke,lang-fix-smoke_20251219T105801Z
BRB,['English'],267800,79.9923,2023,2025 Q1 P,66000.0,166.0,5.42781057267599,0.799923,4.819543935541868,4.819543935541868,1.5,31.388464404061146,68,False,Barbados,,25-05-2025,False,lang-fix-smoke,lang-fix-smoke_20251219T105801Z
ATG,['English'],103603,77.5756,2023,,,,5.015372331322167,0.7757559999999999,,5.334453751150931,1.5,31.132180249164378,69,False,Antigua and Barbuda,,25-05-2025,False,lang-fix-smoke,lang-fix-smoke_20251219T105801Z
ALB,['Albanian'],2363314,83.1356,2023,,,,6.373521427687243,0.831356,,5.334453751150931,1.1,31.09203336710145,70,False,Albania,,25-05-2025,False,lang-fix-smoke,lang-fix-smoke_20251219T105801Z
VCT,['English'],110872,75.9927,2023,,,,5.044821881759084,0.759927,,5.334453751150931,1.5,30.67601387767666,71,False,Saint Vincent and the Grenadines,,25-05-2025,False,lang-fix-smoke,lang-fix-smoke_20251219T105801Z
MAC,"['Portuguese', 'Chinese']",685900,89.1806,2023,,,,5.836260802858487,0.891806,,5.334453751150931,1.1,30.541314143457374,72,False,Macao,,25-05-2025,False,lang-fix-smoke,lang-fix-smoke_20251219T105801Z
MDA,['Romanian'],2749076,80.2126,2023,,,,6.439186746363795,0.8021259999999999,,5.334453751150931,1.1,30.30792846963084,73,False,"Moldova, Republic of",,25-05-2025,False,lang-fix-smoke,lang-fix-smoke_20251219T105801Z
MNE,['Montenegrin'],623327,88.8826,2024,,,,5.7947159391766885,0.888826,,5.334453751150931,1.1,30.22258035355244,74,False,Montenegro,,25-05-2025,False,lang-fix-smoke,lang-fix-smoke_20251219T105801Z
GRD,['English'],109021,74.1201,2023,,,,5.037510161295513,0.7412009999999999,,5.334453751150931,1.5,29.876735689290946,75,False,Grenada,,25-05-2025,False,lang-fix-smoke,lang-fix-smoke_20251219T105801Z
LCA,['English'],184100,70.0834,2023,,,,5.265053788504015,0.700834,,5.334453751150931,1.5,29.525631047302547,76,False,Saint Lucia,,25-05-2025,False,lang-fix-smoke,lang-fix-smoke_20251219T105801Z
CUB,['Spanish'],9748007,71.275,2023,,,,6.988915832377714,0.7127500000000001,,5.334453751150931,1.1,29.23005790155522,77,False,Cuba,,25-05-2025,False,lang-fix-smoke,lang-fix-smoke_20251219T105801Z
BOL,"['Aymara', 'Guaraní', 'Quechua', 'Spanish']",11365333,70.2368,2023,,,,7.055582164913061,0.702368,,5.334453751150931,1.1,29.07904971494248,78,False,"Bolivia, Plurinational State of",,25-05-2025,False,lang-fix-smoke,lang-fix-smoke_20251219T105801Z
KNA,['English'],51320,76.4208,2023,,,,4.710286647702891,0.764208,,5.334453751150931,1.5,28.80315955681109,79,False,Saint Kitts and Nevis,,25-05-2025,False,lang-fix-smoke,lang-fix-smoke_20251219T105801Z
LUX,"['German', 'French', 'Luxembourgish']",681973,98.7606,2024,2025 Q2 P,34000.0,21.0,5.8337671808395735,0.987606,4.531478917042255,4.531478917042255,1.1,28.718745272170615,80,False,Luxembourg,,25-05-2025,False,lang-fix-smoke,lang-fix-smoke_20251219T105801Z
ABW,"['Dutch', 'Papiamento']",107566,97.17,2017,,,,5.031675019046017,0.9717,,5.334453751150931,1.1,28.68979371893872,81,False,Aruba,,25-05-2025,False,lang-fix-smoke,lang-fix-smoke_20251219T105801Z
VGB,['English'],39471,77.7043,2017,,,,4.596278129409967,0.777043,,5.334453751150931,1.5,28.57804834009994,82,False,"Virgin Islands, British",,25-05-2025,False,lang-fix-smoke,lang-fix-smoke_20251219T105801Z
CUW,"['English', 'Dutch', 'Papiamento']",156115,68.1272,2017,,,,5.193444633390771,0.681272,,5.334453751150931,1.5,28.31113360501881,83,False,Curaçao,,25-05-2025,False,lang-fix-smoke,lang-fix-smoke_20251219T105801Z
SWZ,"['English', 'Swazi']",1235549,57.62,2023,,,,6.09185997354031,0.5761999999999999,,5.334453751150931,1.5,28.086936951846504,84,False,Eswatini,,25-05-2025,False,lang-fix-smoke,lang-fix-smoke_20251219T105801Z
AND,['Catalan'],88406,95.4456,2023,,,,4.946481741013802,0.954456,,5.334453751150931,1.1,27.703520523305286,85,False,Andorra,,25-05-2025,False,lang-fix-smoke,lang-fix-smoke_20251219T105801Z
FRO,"['Danish', 'Faroese']",54885,97.582,2017,,,,4.739453668542288,0.9758199999999999,,5.334453751150931,1.1,27.13817486115546,86,False,Faroe Islands,,25-05-2025,True,lang-fix-smoke,lang-fix-smoke_20251219T105801Z
GAB,['French'],2469296,71.9256,2023,,,,6.392573152897294,0.719256,,5.334453751150931,1.1,26.97999341633658,87,False,Gabon,,25-05-2025,True,lang-fix-smoke,lang-fix-smoke_20251219T105801Z
VEN,['Spanish'],28517000,61.6,2017,,,,7.455103835626699,0.616,,5.334453751150931,1.1,26.947411126510577,88,False,"Venezuela, Bolivarian Republic of",,25-05-2025,False,lang-fix-smoke,lang-fix-smoke_20251219T105801Z
SLV,['Spanish'],6029976,67.6558,2023,,,,6.78031558360146,0.676558,,5.334453751150931,1.1,26.91767723684626,89,False,El Salvador,,25-05-2025,False,lang-fix-smoke,lang-fix-smoke_20251219T105801Z
MCO,['French'],38423,99.1497,2023,,,,4.584591270795872,0.991497,,5.334453751150931,1.1,26.673172093978987,90,True,Monaco,Monaco,25-05-2025,False,lang-fix-smoke,lang-fix-smoke_20251219T105801Z
SUR,['Dutch'],616500,78.3958,2023,,,,5.789933080931751,0.7839579999999999,,5.334453751150931,1.1,26.634771781905517,91,True,Suriname,Suriname,25-05-2025,False,lang-fix-smoke,lang-fix-smoke_20251219T105801Z
PAN,['Spanish'],4064780,68.5485,2023,,,,6.60903704504163,0.685485,,5.334453751150931,1.1,26.583905314821305,92,True,Panama,Panama,25-05-2025,False,lang-fix-smoke,lang-fix-smoke_20251219T105801Z
NRU,"['English', 'Nauru']",11680,81.6554,2020,,,,4.067442842776381,0.816554,,5.334453751150931,1.5,26.575875627556165,93,True,Nauru,Nauru,25-05-2025,False,lang-fix-smoke,lang-fix-smoke_20251219T105801Z
LIE,['German'],40900,97.3444,2023,,,,4.611723308007342,0.973444,,5.334453751150931,1.1,26.34249187652006,94,True,Liechtenstein,Liechtenstein,25-05-2025,False,lang-fix-smoke,lang-fix-smoke_20251219T105801Z
NCL,['French'],264596,82.0058,2017,,,,5.422583274503567,0.820058,,5.334453751150931,1.1,26.093566271978865,95,True,New Caledonia,New Caledonia,25-05-2025,False,lang-fix-smoke,lang-fix-smoke_20251219T105801Z
SEN,['French'],18593258,60.6122,2023,,,,7.26935549560564,0.606122,,5.334453751150931,1.1,25.85464593833683,96,False,Senegal,,25-05-2025,False,lang-fix-smoke,lang-fix-smoke_20251219T105801Z
VIR,['English'],87146,64.3775,2017,,,,4.940247457793744,0.643775,,5.334453751150931,1.5,25.448607535490858,97,False,"Virgin Islands, U.S.",,25-05-2025,False,lang-fix-smoke,lang-fix-smoke_20251219T105801Z
CMR,"['English', 'French']",29442327,41.9088,2023,,,,7.468972131865236,0.419088,,5.334453751150931,1.5,25.04651336722077,98,False,Cameroon,,25-05-2025,False,lang-fix-smoke,lang-fix-smoke_20251219T105801Z
WSM,"['English', 'Samoan']",205557,58.1386,2023,,,,5.312932270752029,0.581386,,5.334453751150931,1.5,24.716106757441544,99,False,Samoa,,25-05-2025,False,lang-fix-smoke,lang-fix-smoke_20251219T105801Z
CPV,['Portuguese'],491233,73.539,2023,,,,5.6912875341031945,0.73539,,5.334453751150931,1.1,24.559011745737237,100,False,Cabo Verde,,25-05-2025,False,lang-fix-smoke,lang-fix-smoke_20251219T105801Z
MHL,"['English', 'Marshallese']",42418,65.7177,2023,,,,4.627550187767521,0.6571769999999999,,5.334453751150931,1.5,24.334067384765433,101,False,Marshall Islands,,25-05-2025,False,lang-fix-smoke,lang-fix-smoke_20251219T105801Z
LSO,"['English', 'Sotho']",2116427,47.991,2023,,,,6.325603293342072,0.47991,,5.334453751150931,1.5,24.29086412469291,102,False,Lesotho,,25-05-2025,False,lang-fix-smoke,lang-fix-smoke_20251219T105801Z
TUV,"['English', 'Tuvaluan']",10643,74.3146,2023,,,,4.027064062151045,0.743146,,5.334453751150931,1.5,23.94660200205554,103,False,Tuvalu,,25-05-2025,False,lang-fix-smoke,lang-fix-smoke_20251219T105801Z
HND,['Spanish'],9892632,58.2789,2023,,,,6.995311853882634,0.582789,,5.334453751150931,1.1,23.922197173362168,104,False,Honduras,,25-05-2025,False,lang-fix-smoke,lang-fix-smoke_20251219T105801Z
GTM,['Spanish'],18079810,56.0535,2023,,,,7.25719386217999,0.560535,,5.334453751150931,1.1,23.870092350511126,105,False,Guatemala,,25-05-2025,False,lang-fix-smoke,lang-fix-smoke_20251219T105801Z
NGA,['English'],223800000,39.2136,2023,2025 Q2 P,68000.0,57.0,8.34986008219233,0.392136,4.832508912706237,4.832508912706237,1.5,23.734486238768625,106,False,Nigeria,,25-05-2025,False,lang-fix-smoke,lang-fix-smoke_20251219T105801Z
GMB,['English'],2422712,45.9137,2023,,,,6.384301790429396,0.45913699999999996,,5.334453751150931,1.5,23.45507973853035,107,False,Gambia,,25-05-2025,False,lang-fix-smoke,lang-fix-smoke_20251219T105801Z
TON,"['English', 'Tongan']",100179,58.5334,2023,,,,5.0007766921902945,0.585334,,5.334453751150931,1.5,23.421916398647284,108,False,Tonga,,25-05-2025,False,lang-fix-smoke,lang-fix-smoke_20251219T105801Z
NIC,['Spanish'],6803886,58.2314,2023,,,,6.832757028340634,0.582314,,5.334453751150931,1.1,23.347256169719167,109,False,Nicaragua,,25-05-2025,False,lang-fix-smoke,lang-fix-smoke_20251219T105801Z
PYF,['French'],279500,72.7039,2017,,,,5.446381812222442,0.727039,,5.334453751150931,1.1,23.235307863105657,110,False,French Polynesia,,25-05-2025,False,lang-fix-smoke,lang-fix-smoke_20251219T105801Z
SMR,['Italian'],34132,87.0278,2023,,,,4.533161736960601,0.870278,,5.334453751150931,1.1,23.149512979865463,111,False,San Marino,,25-05-2025,True,lang-fix-smoke,lang-fix-smoke_20251219T105801Z
DJI,"['Arabic', 'French']",1066809,65.0248,2023,,,,6.028086670904087,0.6502479999999999,,5.334453751150931,1.1,23.000705237733367,112,False,Djibouti,,25-05-2025,False,lang-fix-smoke,lang-fix-smoke_20251219T105801Z
CHN,['Chinese'],1408280000,92.0,2024,,,,9.14868901159969,0.92,,5.334453751150931,0.5,22.44949887137898,113,False,China,,25-05-2025,False,lang-fix-smoke,lang-fix-smoke_20251219T105801Z
ZWE,"['Chibarwe', 'English', 'Kalanga', 'Khoisan', 'Ndau', 'Northern Ndebele', 'Chewa', 'Shona', 'Sotho', 'Tonga', 'Tswana', 'Tsonga', 'Venda', 'Xhosa', 'Zimbabwean Sign Language']",17073087,38.4266,2023,,,,7.232312053385075,0.384266,,5.334453751150931,1.5,22.237723670931192,114,False,Zimbabwe,,25-05-2025,False,lang-fix-smoke,lang-fix-smoke_20251219T105801Z
GNQ,"['French', 'Portuguese', 'Spanish']",1668768,60.3661,2023,,,,6.222395963208134,0.603661,,5.334453751150931,1.1,22.041106967984973,115,False,Equatorial Guinea,,25-05-2025,False,lang-fix-smoke,lang-fix-smoke_20251219T105801Z
KEN,"['English', 'Swahili']",53330978,34.9762,2024,,,,7.726979547982685,0.34976199999999996,,5.334453751150931,1.5,21.62537263350402,116,False,Kenya,,25-05-2025,False,lang-fix-smoke,lang-fix-smoke_20251219T105801Z
VUT,"['Bislama', 'English', 'French']",321409,45.7313,2023,,,,5.507058033583555,0.45731299999999997,,5.334453751150931,1.5,20.151826417183443,117,False,Vanuatu,,25-05-2025,False,lang-fix-smoke,lang-fix-smoke_20251219T105801Z
SAU,['Arabic'],35300280,100.0,2024,,,,7.547778150202912,1.0,,5.334453751150931,0.5,20.13163673310248,118,False,Saudi Arabia,,25-05-2025,False,lang-fix-smoke,lang-fix-smoke_20251219T105801Z
KOR,['Korean'],51159889,97.8956,2024,,,,7.708929593532578,0.978956,,5.334453751150931,0.5,20.128768741295044,119,False,"Korea, Republic of",,25-05-2025,False,lang-fix-smoke,lang-fix-smoke_20251219T105801Z
SLB,['English'],750325,42.4597,2023,,,,5.875249416903541,0.424597,,5.334453751150931,1.5,19.961098727096733,120,False,Solomon Islands,,25-05-2025,False,lang-fix-smoke,lang-fix-smoke_20251219T105801Z
AGO,['Portuguese'],36170961,44.7581,2023,,,,7.558360047369661,0.447581,,5.334453751150931,1.1,19.85097569452885,121,False,Angola,,25-05-2025,False,lang-fix-smoke,lang-fix-smoke_20251219T105801Z
ARE,['Arabic'],11294243,100.0,2024,2025 Q1 P,371000.0,540.0,7.052857127514885,1.0,5.569373909615046,5.569373909615046,0.5,19.63999923711196,122,False,United Arab Emirates,,25-05-2025,False,lang-fix-smoke,lang-fix-smoke_20251219T105801Z
RWA,"['English', 'French', 'Kinyarwanda']",14104969,34.2005,2023,,,,7.14937213599697,0.342005,,5.334453751150931,1.5,19.565077474704218,123,False,Rwanda,,25-05-2025,False,lang-fix-smoke,lang-fix-smoke_20251219T105801Z
ZMB,['English'],19693423,33.0,2023,,,,7.294321209322918,0.33,,5.334453751150931,1.5,19.261053472900354,124,False,Zambia,,25-05-2025,False,lang-fix-smoke,lang-fix-smoke_20251219T105801Z
THA,['Thai'],65859640,90.8672,2024,2025 Q1 P,255000.0,461.0,7.818619352454832,0.9086719999999999,5.4065401804339555,5.4065401804339555,0.5,19.20554586116678,125,False,Thailand,,25-05-2025,False,lang-fix-smoke,lang-fix-smoke_20251219T105801Z
STP,['Portuguese'],209607,61.4607,2023,,,,5.321405782179103,0.614607,,5.334453751150931,1.1,19.191393878320252,126,False,Sao Tome and Principe,,25-05-2025,False,lang-fix-smoke,lang-fix-smoke_20251219T105801Z
MAR,"['Arabic', 'Berber']",36828330,91.0,2023,2025 Q1 P,284000.0,213.0,7.566182025989628,0.91,5.453318340047038,5.453318340047038,0.5,18.77366363894089,127,False,Morocco,,25-05-2025,False,lang-fix-smoke,lang-fix-smoke_20251219T105801Z
GRC,['Greek'],10400720,86.2697,2024,2025 Q2 P,1580000.0,1670.0,7.017063404799118,0.862697,6.198657086954422,6.198657086954422,0.5,18.76209387030001,128,False,Greece,,25-05-2025,False,lang-fix-smoke,lang-fix-smoke_20251219T105801Z
TUR,['Turkish'],85664944,87.3079,2024,,,,7.932803135318054,0.873079,,5.334453751150931,0.5,18.47311686285306,129,False,Türkiye,,25-05-2025,False,lang-fix-smoke,lang-fix-smoke_20251219T105801Z
TZA,"['English', 'Swahili']",68153004,29.0638,2023,,,,7.833485003118178,0.290638,,5.334453751150931,1.5,18.21749361169943,130,False,"Tanzania, United Republic of",,25-05-2025,False,lang-fix-smoke,lang-fix-smoke_20251219T105801Z
KAZ,"['Kazakh', 'Russian']",20426568,93.3917,2024,,,,7.310195404132739,0.933917,,5.334453751150931,0.5,18.209466641048007,131,False,Kazakhstan,,25-05-2025,False,lang-fix-smoke,lang-fix-smoke_20251219T105801Z
JPN,['Japanese'],123210000,86.9815,2023,2025 Q2 P,142000.0,308.0,8.090645957573315,0.869815,5.152288344383057,5.152288344383057,0.5,18.129267382564596,132,False,Japan,,25-05-2025,False,lang-fix-smoke,lang-fix-smoke_20251219T105801Z
PAK,"['English', 'Urdu']",241499431,27.3759,2023,2025 Q1 P,171000.0,141.0,8.38291611184177,0.27375900000000003,5.232996110392154,5.232996110392154,1.5,18.013794206364174,133,False,Pakistan,,25-05-2025,False,lang-fix-smoke,lang-fix-smoke_20251219T105801Z
UZB,"['Russian', 'Uzbek']",37859698,89.0136,2023,,,,7.578177145352642,0.8901359999999999,,5.334453751150931,0.5,17.992067727075124,134,False,Uzbekistan,,25-05-2025,False,lang-fix-smoke,lang-fix-smoke_20251219T105801Z
VNM,['Vietnamese'],101343800,84.15,2024,,,,8.005797184621029,0.8415,,5.334453751150931,0.5,17.96878294154803,135,False,Viet Nam,,25-05-2025,False,lang-fix-smoke,lang-fix-smoke_20251219T105801Z
CIV,['French'],31719275,40.6528,2023,,,,7.501323252192296,0.406528,,5.334453751150931,1.1,17.894146292202638,136,False,Côte d'Ivoire,,25-05-2025,False,lang-fix-smoke,lang-fix-smoke_20251219T105801Z
KWT,['Arabic'],4881254,99.7473,2023,,,,6.688531407109154,0.9974729999999999,,5.334453751150931,0.5,17.794749474924554,137,False,Kuwait,,25-05-2025,False,lang-fix-smoke,lang-fix-smoke_20251219T105801Z
NOR,"['Norwegian Nynorsk', 'Norwegian Bokmål', 'Sami']",5606944,99.0,2023,2025 Q1 P,174000.0,168.0,6.7487262185539185,0.99,5.2405492482825995,5.2405492482825995,0.5,17.506680895196364,138,False,Norway,,25-05-2025,False,lang-fix-smoke,lang-fix-smoke_20251219T105801Z
BLR,"['Belarusian', 'Russian']",9109280,94.2618,2024,,,,6.959484051574066,0.942618,,5.334453751150931,0.5,17.497368213306082,139,False,Belarus,,25-05-2025,False,lang-fix-smoke,lang-fix-smoke_20251219T105801Z
JOR,['Arabic'],11734000,92.5344,2023,,,,7.069446083880313,0.925344,,5.334453751150931,0.5,17.44811674698758,140,False,Jordan,,25-05-2025,False,lang-fix-smoke,lang-fix-smoke_20251219T105801Z
QAT,['Arabic'],3173024,99.6528,2023,,,,6.501473357013159,0.996528,,5.334453751150931,0.5,17.280696848348143,141,False,Qatar,,25-05-2025,False,lang-fix-smoke,lang-fix-smoke_20251219T105801Z
OMN,['Arabic'],5343630,95.2517,2024,,,,6.727836379384905,0.952517,,5.334453751150931,0.5,17.09259942962728,142,False,Oman,,25-05-2025,False,lang-fix-smoke,lang-fix-smoke_20251219T105801Z
IRN,['Persian (Farsi)'],85961000,79.6309,2023,,,,7.934301459075755,0.7963089999999999,,5.334453751150931,0.5,16.851954581955308,143,False,"Iran, Islamic Republic of",,25-05-2025,False,lang-fix-smoke,lang-fix-smoke_20251219T105801Z
IRQ,"['Arabic', 'Aramaic', 'Sorani']",46118793,81.7291,2023,,,,7.663877932614442,0.817291,,5.334453751150931,0.5,16.706491493327327,144,False,Iraq,,25-05-2025,False,lang-fix-smoke,lang-fix-smoke_20251219T105801Z
AZE,['Azerbaijani'],10241722,89.0,2023,,,,7.010372983224158,0.89,,5.334453751150931,0.5,16.641447153510626,145,False,Azerbaijan,,25-05-2025,False,lang-fix-smoke,lang-fix-smoke_20251219T105801Z
BHR,['Arabic'],1594654,100.0,2024,,,,6.202666466583464,1.0,,5.334453751150931,0.5,16.543918699902125,146,False,Bahrain,,25-05-2025,False,lang-fix-smoke,lang-fix-smoke_20251219T105801Z
UKR,['Ukrainian'],32862000,82.3755,2023,,,,7.516693991312429,0.823755,,5.334453751150931,0.5,16.51524012236649,147,False,Ukraine,,25-05-2025,False,lang-fix-smoke,lang-fix-smoke_20251219T105801Z
IDN,['Indonesian'],284438782,72.7808,2024,,,,8.453988810272648,0.727808,,5.334453751150931,0.5,16.411128733314648,148,False,Indonesia,,25-05-2025,False,lang-fix-smoke,lang-fix-smoke_20251219T105801Z
SDN,"['Arabic', 'English']",51662000,26.4383,2020,,,,7.713171215080633,0.26438300000000003,,5.334453751150931,1.5,16.317277949553617,149,False,Sudan,,25-05-2025,False,lang-fix-smoke,lang-fix-smoke_20251219T105801Z
HTI,"['French', 'Haitian Creole']",11867032,39.262,2019,,,,7.074342113461789,0.39262,,5.334453751150931,1.1,16.298255301405856,150,False,Haiti,,25-05-2025,False,lang-fix-smoke,lang-fix-smoke_20251219T105801Z
LBY,['Arabic'],7459000,88.4989,2023,,,,6.8726806071519295,0.884989,,5.334453751150931,0.5,16.222731963055463,151,False,Libya,,25-05-2025,False,lang-fix-smoke,lang-fix-smoke_20251219T105801Z
KGZ,"['Kyrgyz', 'Russian']",7281800,88.4701,2023,,,,6.86223874654393,0.8847010000000001,,5.334453751150931,0.5,16.192812994950774,152,False,Kyrgyzstan,,25-05-2025,False,lang-fix-smoke,lang-fix-smoke_20251219T105801Z
EGY,['Arabic'],107271260,72.6899,2023,2025 Q2 P,303000.0,392.0,8.030483381842073,0.726899,5.481442628502305,5.481442628502305,0.5,15.998550494979732,153,False,Egypt,,25-05-2025,False,lang-fix-smoke,lang-fix-smoke_20251219T105801Z
FSM,['English'],105564,39.3833,2020,,,,5.023515838018407,0.393833,,5.334453751150931,1.5,15.830735500412317,154,False,"Micronesia, Federated States of",,25-05-2025,False,lang-fix-smoke,lang-fix-smoke_20251219T105801Z
DZA,['Arabic'],47400000,76.9081,2023,,,,7.675778341674085,0.769081,,5.334453751150931,0.5,15.74542783272348,155,False,Algeria,,25-05-2025,False,lang-fix-smoke,lang-fix-smoke_20251219T105801Z
CYP,"['Greek', 'Turkish']",1442614,91.2211,2023,2025 Q2 P,400000.0,364.0,6.159150142531189,0.9122110000000001,5.6020599913279625,5.6020599913279625,0.5,15.737431603356162,156,False,Cyprus,,25-05-2025,False,lang-fix-smoke,lang-fix-smoke_20251219T105801Z
PSE,['Arabic'],5483450,86.6377,2023,,,,6.739053887776157,0.866377,,5.334453751150931,0.5,15.57276758772888,157,False,"Palestine, State of",,25-05-2025,False,lang-fix-smoke,lang-fix-smoke_20251219T105801Z
SVN,['Slovene'],2130638,90.7636,2024,,,,6.328509668410944,0.907636,,5.334453751150931,0.5,15.320506367622308,158,False,Slovenia,,25-05-2025,False,lang-fix-smoke,lang-fix-smoke_20251219T105801Z
COG,"['French', 'Kikongo', 'Lingala']",6142180,38.3791,2023,,,,6.788322539534806,0.383791,,5.334453751150931,1.1,15.28762055193573,159,False,Congo,,25-05-2025,False,lang-fix-smoke,lang-fix-smoke_20251219T105801Z
ISR,"['Arabic', 'Hebrew']",10134800,88.1824,2024,2025 Q2 P,87000.0,94.0,7.00581518275242,0.881824,4.939519252618618,4.939519252618618,0.5,15.25791803660275,160,False,Israel,,25-05-2025,False,lang-fix-smoke,lang-fix-smoke_20251219T105801Z
MLI,['French'],22395489,35.0921,2023,,,,7.350160549597546,0.35092100000000004,,5.334453751150931,1.1,15.13522296402867,161,False,Mali,,25-05-2025,False,lang-fix-smoke,lang-fix-smoke_20251219T105801Z
TGO,['French'],8095498,37.0223,2023,,,,6.908243569828069,0.370223,,5.334453751150931,1.1,15.00768399418685,162,False,Togo,,25-05-2025,False,lang-fix-smoke,lang-fix-smoke_20251219T105801Z
BRN,['Malay'],455500,99.0336,2023,,,,5.658488381309017,0.9903360000000001,,5.334453751150931,0.5,14.946618633589349,163,False,Brunei Darussalam,,25-05-2025,False,lang-fix-smoke,lang-fix-smoke_20251219T105801Z
MKD,['Macedonian'],1822612,87.1819,2023,,,,6.260694225323314,0.871819,,5.334453751150931,0.5,14.55823687142357,164,False,North Macedonia,,25-05-2025,False,lang-fix-smoke,lang-fix-smoke_20251219T105801Z
RUS,['Russian'],146028325,94.365,2024,2025 Q2 P,6000.0,2.0,8.164437103716473,0.94365,3.7781512503836434,3.7781512503836434,0.5,14.554139601290007,165,False,Russian Federation,,25-05-2025,False,lang-fix-smoke,lang-fix-smoke_20251219T105801Z
BGR,['Bulgarian'],6437360,82.439,2024,2025 Q1 P,151000.0,76.0,6.808707797095676,0.82439,5.17897694729317,5.17897694729317,0.5,14.534878094910464,166,False,Bulgaria,,25-05-2025,False,lang-fix-smoke,lang-fix-smoke_20251219T105801Z
MNG,['Mongolian'],3544835,83.0162,2023,,,,6.549596025060067,0.830162,,5.334453751150931,0.5,14.50231460991187,167,False,Mongolia,,25-05-2025,False,lang-fix-smoke,lang-fix-smoke_20251219T105801Z
COD,"['French', 'Kikongo', 'Lingala', 'Tshiluba', 'Swahili']",112832000,30.548,2023,,,,8.05243228628321,0.30548,,5.334453751150931,1.1,14.434192827965216,168,False,"Congo, The Democratic Republic of the",,25-05-2025,False,lang-fix-smoke,lang-fix-smoke_20251219T105801Z
GEO,['Georgian'],4000921,81.8843,2023,,,,6.602159976122113,0.818843,,5.334453751150931,0.5,14.419381847118878,169,False,Georgia,,25-05-2025,False,lang-fix-smoke,lang-fix-smoke_20251219T105801Z
BTN,['Dzongkha'],784043,88.426,2023,,,,5.894339881754102,0.88426,,5.334453751150931,0.5,13.901930504663575,170,False,Bhutan,,25-05-2025,True,lang-fix-smoke,lang-fix-smoke_20251219T105801Z
ARM,['Armenian'],3076200,79.9966,2023,,,,6.488014567824043,0.799966,,5.334453751150931,0.5,13.843417089308309,171,False,Armenia,,25-05-2025,False,lang-fix-smoke,lang-fix-smoke_20251219T105801Z
PNG,"['English', 'Hiri Motu', 'Tok Pisin']",11781559,24.0667,2023,,,,7.071202762462869,0.24066700000000002,,5.334453751150931,1.5,13.617301341096216,172,False,Papua New Guinea,,25-05-2025,False,lang-fix-smoke,lang-fix-smoke_20251219T105801Z
BEN,['French'],13224860,32.2083,2023,,,,7.121391083236578,0.322083,,5.334453751150931,1.1,13.459077025044223,173,False,Benin,,25-05-2025,False,lang-fix-smoke,lang-fix-smoke_20251219T105801Z
MDV,['Maldivian'],515132,84.6851,2023,,,,5.711918529091912,0.846851,,5.334453751150931,0.5,12.901760259862868,174,False,Maldives,,25-05-2025,False,lang-fix-smoke,lang-fix-smoke_20251219T105801Z
LBR,['English'],5248621,23.4979,2023,,,,6.720045213737611,0.23497900000000002,,5.334453751150931,1.5,12.635209860642531,175,False,Liberia,,25-05-2025,False,lang-fix-smoke,lang-fix-smoke_20251219T105801Z
COM,"['Arabic', 'French', 'Comorian']",919901,35.6678,2023,,,,5.963741090968163,0.356678,,5.334453751150931,1.1,12.481815044671784,176,False,Comoros,,25-05-2025,False,lang-fix-smoke,lang-fix-smoke_20251219T105801Z
TUN,['Arabic'],11972169,72.3542,2023,2025 Q2 P,69000.0,60.0,7.078172838743614,0.723542,4.838849090737256,4.838849090737256,0.5,12.390732796013607,177,False,Tunisia,,25-05-2025,False,lang-fix-smoke,lang-fix-smoke_20251219T105801Z
TLS,"['Portuguese', 'Tetum']",1391221,34.0207,2023,,,,6.143396124569186,0.340207,,5.334453751150931,1.1,12.264063883117903,178,False,Timor-Leste,,25-05-2025,False,lang-fix-smoke,lang-fix-smoke_20251219T105801Z
MMR,['Burmese'],51316756,58.5357,2023,,,,7.710259194549563,0.585357,,5.334453751150931,0.5,12.037872875456193,179,False,Myanmar,,25-05-2025,False,lang-fix-smoke,lang-fix-smoke_20251219T105801Z
GNB,"['Portuguese', 'Upper Guinea Creole']",1781308,32.4661,2023,,,,6.250739018360228,0.324661,,5.334453751150931,1.1,11.908145376572445,180,False,Guinea-Bissau,,25-05-2025,False,lang-fix-smoke,lang-fix-smoke_20251219T105801Z
KHM,['Khmer'],17577760,60.7171,2023,,,,7.244963530486225,0.607171,,5.334453751150931,0.5,11.732948992140143,181,False,Cambodia,,25-05-2025,False,lang-fix-smoke,lang-fix-smoke_20251219T105801Z
LAO,['Lao'],7647000,63.6255,2023,,,,6.88349109018893,0.636255,,5.334453751150931,0.5,11.681535184999557,182,False,Lao People's Democratic Republic,,25-05-2025,False,lang-fix-smoke,lang-fix-smoke_20251219T105801Z
SLE,['English'],9077691,20.635,2023,,,,6.957975395494418,0.20635,,5.334453751150931,1.5,11.4886387901367,183,False,Sierra Leone,,25-05-2025,False,lang-fix-smoke,lang-fix-smoke_20251219T105801Z
GIN,['French'],14363931,26.5014,2023,,,,7.157273310239107,0.265014,,5.334453751150931,1.1,11.130099792163037,184,False,Guinea,,25-05-2025,False,lang-fix-smoke,lang-fix-smoke_20251219T105801Z
NPL,['Nepali'],29911840,55.7716,2023,,,,7.475843129088429,0.557716,,5.334453751150931,0.5,11.120728604413824,185,False,Nepal,,25-05-2025,False,lang-fix-smoke,lang-fix-smoke_20251219T105801Z
TJK,"['Russian', 'Tajik']",10499000,56.791,2023,,,,7.021147935720995,0.5679099999999999,,5.334453751150931,0.5,10.635247430335822,186,False,Tajikistan,,25-05-2025,False,lang-fix-smoke,lang-fix-smoke_20251219T105801Z
MWI,"['English', 'Chewa']",20734262,17.9881,2023,,,,7.316688582018264,0.17988099999999999,,5.334453751150931,1.5,10.531277999306491,187,False,Malawi,,25-05-2025,False,lang-fix-smoke,lang-fix-smoke_20251219T105801Z
ERI,"['Arabic', 'English', 'Tigrinya']",3607000,20.0104,2023,,,,6.557146142318363,0.200104,,5.334453751150931,1.5,10.499094542402888,188,False,Eritrea,,25-05-2025,False,lang-fix-smoke,lang-fix-smoke_20251219T105801Z
NER,['French'],26312034,23.1879,2023,,,,7.420154421663518,0.231879,,5.334453751150931,1.1,10.096178067416728,189,False,Niger,,25-05-2025,False,lang-fix-smoke,lang-fix-smoke_20251219T105801Z
BGD,['Bengali'],169828911,44.5027,2023,,,,8.230011624771146,0.44502699999999995,,5.334453751150931,0.5,9.768924830711386,190,False,Bangladesh,,25-05-2025,False,lang-fix-smoke,lang-fix-smoke_20251219T105801Z
PLW,"['English', 'Palauan']",16733,26.9703,2004,,,,4.223573811054687,0.269703,,5.334453751150931,1.5,9.114798640100002,191,False,Palau,,25-05-2025,False,lang-fix-smoke,lang-fix-smoke_20251219T105801Z
MDG,"['French', 'Malagasy']",31727042,20.3671,2023,,,,7.501429583510402,0.20367100000000002,,5.334453751150931,1.1,8.965115147200152,192,False,Madagascar,,25-05-2025,False,lang-fix-smoke,lang-fix-smoke_20251219T105801Z
LKA,"['Sinhala', 'Tamil']",21763170,51.2,2023,2025 Q1 P,59000.0,96.0,7.337722154502129,0.512,4.770852011642144,4.770852011642144,0.5,8.961839744429467,193,False,Sri Lanka,,25-05-2025,False,lang-fix-smoke,lang-fix-smoke_20251219T105801Z
GRL,['Greenlandic'],56542,69.4825,2017,,,,4.752371166261774,0.694825,,5.334453751150931,0.5,8.80735996855047,194,False,Greenland,,25-05-2025,False,lang-fix-smoke,lang-fix-smoke_20251219T105801Z
MOZ,['Portuguese'],34090466,19.8434,2023,,,,7.532632937862664,0.198434,,5.334453751150931,1.1,8.770927703366068,195,False,Mozambique,,25-05-2025,False,lang-fix-smoke,lang-fix-smoke_20251219T105801Z
BFA,['French'],24070553,17.0226,2023,,,,7.381486067927281,0.17022600000000002,,5.334453751150931,1.1,7.3731375825875745,196,False,Burkina Faso,,25-05-2025,False,lang-fix-smoke,lang-fix-smoke_20251219T105801Z
SYR,['Arabic'],25620000,34.65,2019,,,,7.408579125408668,0.3465,,5.334453751150931,0.5,6.84696520885517,197,False,Syrian Arab Republic,,25-05-2025,False,lang-fix-smoke,lang-fix-smoke_20251219T105801Z
MRT,['Arabic'],4927532,37.3809,2023,,,,6.69262945332252,0.37380899999999995,,5.334453751150931,0.5,6.672775173288572,198,False,Mauritania,,25-05-2025,False,lang-fix-smoke,lang-fix-smoke_20251219T105801Z
TCD,"['Arabic', 'French']",19340757,13.1832,2023,,,,7.286473468427895,0.131832,,5.334453751150931,1.1,5.636647394522994,199,False,Chad,,25-05-2025,False,lang-fix-smoke,lang-fix-smoke_20251219T105801Z
UGA,"['English', 'Swahili']",45905417,8.94983,2024,,,,7.661863936831315,0.0894983,,5.334453751150931,1.5,5.486942823162144,200,False,Uganda,,25-05-2025,False,lang-fix-smoke,lang-fix-smoke_20251219T105801Z
SOM,"['Arabic', 'Somali']",19655000,27.6,2022,,,,7.293473048156108,0.276,,5.334453751150931,0.5,5.369123863170331,201,False,Somalia,,25-05-2025,False,lang-fix-smoke,lang-fix-smoke_20251219T105801Z
SSD,['English'],15786898,9.27123,2020,,,,7.198296802976665,0.0927123,,5.334453751150931,1.5,5.3400868224482245,202,False,South Sudan,,25-05-2025,False,lang-fix-smoke,lang-fix-smoke_20251219T105801Z
BDI,"['French', 'Kirundi']",12332788,11.0784,2023,,,,7.0910612660640675,0.11078400000000001,,5.334453751150931,1.1,4.609681494468611,203,False,Burundi,,25-05-2025,False,lang-fix-smoke,lang-fix-smoke_20251219T105801Z
TKM,"['Russian', 'Turkmen']",7057841,21.251,2017,,,,6.84867187028912,0.21251,,5.334453751150931,0.5,3.8819120254337203,204,False,Turkmenistan,,25-05-2025,False,lang-fix-smoke,lang-fix-smoke_20251219T105801Z
AFG,"['Dari', 'Pashto', 'Turkmen']",43844000,17.7089,2023,,,,7.641910169077627,0.177089,,5.334453751150931,0.5,3.60955340954277,205,False,Afghanistan,,25-05-2025,False,lang-fix-smoke,lang-fix-smoke_20251219T105801Z
ETH,['Amharic'],111652998,16.6981,2021,,,,8.047870388825965,0.166981,,5.334453751150931,0.5,3.5843300196738532,206,False,Ethiopia,,25-05-2025,False,lang-fix-smoke,lang-fix-smoke_20251219T105801Z
CAF,"['French', 'Sango']",6470307,7.50916,2019,,,,6.810924887352293,0.0750916,,5.334453751150931,1.1,3.0010973837967656,207,False,Central African Republic,,25-05-2025,False,lang-fix-smoke,lang-fix-smoke_20251219T105801Z
YEM,['Arabic'],32684503,13.8152,2020,,,,7.514341885477597,0.138152,,5.334453751150931,0.5,2.76890519193438,208,False,Yemen,,25-05-2025,False,lang-fix-smoke,lang-fix-smoke_20251219T105801Z
TWN,['Chinese'],23317031,,,,,,7.3676732501004665,,,5.334453751150931,0.5,0.0,209,False,"Taiwan, Province of China",,25-05-2025,False,lang-fix-smoke,lang-fix-smoke_20251219T105801Z
GLP,['French'],378561,,,,,,5.578135870173925,,,5.334453751150931,1.1,0.0,210,False,Guadeloupe,,25-05-2025,False,lang-fix-smoke,lang-fix-smoke_20251219T105801Z
COK,"['English', 'Cook Islands Māori']",15040,,,,,,4.177247836255623,,,5.334453751150931,1.5,0.0,211,False,Cook Islands,,25-05-2025,False,lang-fix-smoke,lang-fix-smoke_20251219T105801Z
MAF,['French'],31496,,,,,,4.498255401782173,,,5.334453751150931,1.1,0.0,212,False,Saint Martin (French part),,25-05-2025,False,lang-fix-smoke,lang-fix-smoke_20251219T105801Z
UMI,['English'],0,,,,,,,,,5.334453751150931,1.5,0.0,213,False,United States Minor Outlying Islands,,25-05-2025,False,lang-fix-smoke,lang-fix-smoke_20251219T105801Z
ATF,['French'],400,,,,,,2.6020599913279625,,,5.334453751150931,1.1,0.0,214,False,French Southern Territories,,25-05-2025,False,lang-fix-smoke,lang-fix-smoke_20251219T105801Z
ATA,[],1300,,,,,,3.113943352306837,,,5.334453751150931,0.5,0.0,215,False,Antarctica,,25-05-2025,False,lang-fix-smoke,lang-fix-smoke_20251219T105801Z
VAT,"['Italian', 'Latin']",882,,,,,,2.94546858513182,,,5.334453751150931,1.1,0.0,216,False,Holy See (Vatican City State),,25-05-2025,False,lang-fix-smoke,lang-fix-smoke_20251219T105801Z
ASM,"['English', 'Samoan']",49710,0.0,1990,,,,4.6964437631389995,0.0,,5.334453751150931,1.5,0.0,217,False,American Samoa,,25-05-2025,False,lang-fix-smoke,lang-fix-smoke_20251219T105801Z
HMD,['English'],0,,,,,,,,,5.334453751150931,1.5,0.0,218,False,Heard Island and McDonald Islands,,25-05-2025,False,lang-fix-smoke,lang-fix-smoke_20251219T105801Z
IMN,"['English', 'Manx']",84530,,,,,,4.927010868975651,,,5.334453751150931,1.5,0.0,219,False,Isle of Man,,25-05-2025,False,lang-fix-smoke,lang-fix-smoke_20251219T105801Z
ALA,['Swedish'],30654,,,,,,4.486487153065907,,,5.334453751150931,1.1,0.0,220,False,Åland Islands,,25-05-2025,False,lang-fix-smoke,lang-fix-smoke_20251219T105801Z
IOT,['English'],0,,,,,,,,,5.334453751150931,1.5,0.0,221,False,British Indian Ocean Territory,,25-05-2025,False,lang-fix-smoke,lang-fix-smoke_20251219T105801Z
WLF,['French'],11620,,,,,,4.065206128054312,,,5.334453751150931,1.1,0.0,222,False,Wallis and Futuna,,25-05-2025,False,lang-fix-smoke,lang-fix-smoke_20251219T105801Z
AIA,['English'],16010,,,,,,4.204391331919299,,,5.334453751150931,1.5,0.0,223,False,Anguilla,,25-05-2025,False,lang-fix-smoke,lang-fix-smoke_20251219T105801Z
JEY,"['English', 'French', 'Jèrriais']",103267,,,,,,5.013961560555626,,,5.334453751150931,1.5,0.0,224,False,Jersey,,25-05-2025,False,lang-fix-smoke,lang-fix-smoke_20251219T105801Z
GUF,['French'],292354,,,,,,5.46590904024973,,,5.334453751150931,1.1,0.0,225,False,French Guiana,,25-05-2025,False,lang-fix-smoke,lang-fix-smoke_20251219T105801Z
TCA,['English'],50828,0.0,1990,,,,4.706103021249971,0.0,,5.334453751150931,1.5,0.0,226,False,Turks and Caicos Islands,,25-05-2025,False,lang-fix-smoke,lang-fix-smoke_20251219T105801Z
MNP,"['Carolinian', 'Chamorro', 'English']",47329,0.0,1990,,,,4.675127328489335,0.0,,5.334453751150931,1.5,0.0,227,False,Northern Mariana Islands,,25-05-2025,False,lang-fix-smoke,lang-fix-smoke_20251219T105801Z
SJM,['Norwegian'],2530,,,,,,3.403120521175818,,,5.334453751150931,1.1,0.0,228,False,Svalbard and Jan Mayen,,25-05-2025,False,lang-fix-smoke,lang-fix-smoke_20251219T105801Z
CXR,['English'],1692,,,,,,3.228400358703005,,,5.334453751150931,1.5,0.0,229,False,Christmas Island,,25-05-2025,False,lang-fix-smoke,lang-fix-smoke_20251219T105801Z
CCK,['English'],593,,,,,,2.7730546933642626,,,5.334453751150931,1.5,0.0,230,False,Cocos (Keeling) Islands,,25-05-2025,False,lang-fix-smoke,lang-fix-smoke_20251219T105801Z
PCN,['English'],35,,,,,,1.5440680443502757,,,5.334453751150931,1.5,0.0,231,False,Pitcairn,,25-05-2025,False,lang-fix-smoke,lang-fix-smoke_20251219T105801Z
REU,['French'],896175,,,,,,5.9523928245206905,,,5.334453751150931,1.1,0.0,232,False,Réunion,,25-05-2025,False,lang-fix-smoke,lang-fix-smoke_20251219T105801Z
NIU,"['English', 'Niuean']",1681,,,,,,3.225567713439471,,,5.334453751150931,1.5,0.0,233,False,Niue,,25-05-2025,False,lang-fix-smoke,lang-fix-smoke_20251219T105801Z
ESH,"['Berber', 'Hassaniya', 'Spanish']",600904,,,,,,5.778805094963722,,,5.334453751150931,1.1,0.0,234,False,Western Sahara,,25-05-2025,False,lang-fix-smoke,lang-fix-smoke_20251219T105801Z
BVT,['Norwegian'],0,,,,,,,,,5.334453751150931,1.1,0.0,235,False,Bouvet Island,,25-05-2025,False,lang-fix-smoke,lang-fix-smoke_20251219T105801Z
SGS,['English'],0,,,,,,,,,5.334453751150931,1.5,0.0,236,False,South Georgia and the South Sandwich Islands,,25-05-2025,False,lang-fix-smoke,lang-fix-smoke_20251219T105801Z
SHN,['English'],5651,,,,,,3.752125307297898,,,5.334453751150931,1.5,0.0,237,False,"Saint Helena, Ascension and Tristan da Cunha",,25-05-2025,False,lang-fix-smoke,lang-fix-smoke_20251219T105801Z
NFK,"['English', 'Norfuk']",2188,,,,,,3.340047317661393,,,5.334453751150931,1.5,0.0,238,False,Norfolk Island,,25-05-2025,False,lang-fix-smoke,lang-fix-smoke_20251219T105801Z
TKL,"['English', 'Samoan', 'Tokelauan']",2608,,,,,,3.4163075870598827,,,5.334453751150931,1.5,0.0,239,False,Tokelau,,25-05-2025,False,lang-fix-smoke,lang-fix-smoke_20251219T105801Z
FLK,['English'],3662,,,,,,3.5637183399656776,,,5.334453751150931,1.5,0.0,240,False,Falkland Islands (Malvinas),,25-05-2025,False,lang-fix-smoke,lang-fix-smoke_20251219T105801Z
SPM,['French'],5819,,,,,,3.7648483571934106,,,5.334453751150931,1.1,0.0,241,False,Saint Pierre and Miquelon,,25-05-2025,False,lang-fix-smoke,lang-fix-smoke_20251219T105801Z
BLM,['French'],10562,,,,,,4.023746163152476,,,5.334453751150931,1.1,0.0,242,False,Saint Barthélemy,,25-05-2025,False,lang-fix-smoke,lang-fix-smoke_20251219T105801Z
MYT,['French'],320901,,,,,,5.506371070457315,,,5.334453751150931,1.1,0.0,243,False,Mayotte,,25-05-2025,False,lang-fix-smoke,lang-fix-smoke_20251219T105801Z
GGY,"['English', 'French', 'Guernésiais']",64781,,,,,,4.811447647766932,,,5.334453751150931,1.5,0.0,244,False,Guernsey,,25-05-2025,False,lang-fix-smoke,lang-fix-smoke_20251219T105801Z
MTQ,['French'],349925,,,,,,5.543974971274539,,,5.334453751150931,1.1,0.0,245,False,Martinique,,25-05-2025,False,lang-fix-smoke,lang-fix-smoke_20251219T105801Z
SXM,"['English', 'French', 'Dutch']",41349,,,,,,4.616465010872037,,,5.334453751150931,1.5,0.0,246,False,Sint Maarten (Dutch part),,25-05-2025,False,lang-fix-smoke,lang-fix-smoke_20251219T105801Z
BES,"['English', 'Dutch', 'Papiamento']",31980,,,,,,4.504878459410216,,,5.334453751150931,1.5,0.0,247,False,"Bonaire, Sint Eustatius and Saba",,25-05-2025,False,lang-fix-smoke,lang-fix-smoke_20251219T105801Z
MSR,['English'],4386,,,,,,3.642068627341504,,,5.334453751150931,1.5,0.0,248,False,Montserrat,,25-05-2025,False,lang-fix-smoke,lang-fix-smoke_20251219T105801Z
PRK,['Korean'],25950000,0.0,2012,,,,7.414137362184476,0.0,,5.334453751150931,0.5,0.0,249,False,"Korea, Democratic People's Republic of",,25-05-2025,False,lang-fix-smoke,lang-fix-smoke_20251219T105801Z
